,,,,,,,,Shooting Star. Golden Cross Strategy Results,,,,,,,,,,,
,Shortlist,Tickers Traded,Entry Point Price,Exit Point Price,Shares Traded,Earnings ($),Earnings (%),Exit Strategy (Loss %),Exit Strategy (Win %),Exit Strategy (Time),Shooting Star,Death Cross,Golden Cross,Trading Period,Trading Start Date,Trading End Date,Trading Intervals,Account Value,Number of Stocks Traded,Profit (%),Annual Return (%),Mean Annual Return (%),Profit ($),Win Rate
0,QCOM,QCOM,56.439998626708984,56.709999084472656,177.0,0.2700004577636719,0.4783849474367281,12.8,0.20000000000000018,30.0,1.0,0.0,1.0,562.0,2019-01-02,2021-03-25,1d,18527.871437072754,491.0,85.27871437072754,17.35521297454834,54.39630125045776,8527.871437072754,51.12016293279022
1,PEP,PEP,107.48999786376953,107.41000366210938,93.0,-0.07999420166015625,-0.0744201351287951,,,,,,,,,,,,,,91.43738952636718,,,
2,SNE,SNE,49.099998474121094,48.880001068115234,204.0,-0.21999740600585938,-0.4480599039566414,,,,,,,,,,,,,,,,,
3,MSFT,MSFT,102.80000305175781,101.9000015258789,97.0,-0.9000015258789062,-0.8754878396509121,,,,,,,,,,,,,,,,,
4,KO,KO,47.150001525878906,46.88999938964844,210.0,-0.26000213623046875,-0.5514361141383275,,,,,,,,,,,,,,,,,
5,JNJ,QCOM,55.72999954223633,54.970001220703125,176.0,-0.7599983215332031,-1.3637149251315175,,,,,,,,,,,,,,,,,
6,AAPL,MSFT,105.68000030517578,106.12000274658203,91.0,0.44000244140625,0.4163535580390233,,,,,,,,,,,,,,,,,
7,TMUS,PEP,110.7300033569336,110.30999755859375,88.0,-0.42000579833984375,-0.37930622740611,,,,,,,,,,,,,,,,,
8,AMD,MSFT,106.19999694824219,107.23999786376953,91.0,1.0400009155273438,0.9792852593340472,,,,,,,,,,,,,,,,,
9,MCD,JNJ,128.22999572753906,127.80999755859375,76.0,-0.4199981689453125,-0.3275350408945794,,,,,,,,,,,,,,,,,
10,ABNB,QCOM,50.63999938964844,50.4900016784668,193.0,-0.14999771118164062,-0.29620401459227186,,,,,,,,,,,,,,,,,
11,,AAPL,38.66999816894531,40.8125,252.0,2.1425018310546875,5.540475646505887,,,,,,,,,,,,,,,,,
12,,AAPL,41.3125,41.52750015258789,249.0,0.21500015258789062,0.5204239699555597,,,,,,,,,,,,,,,,,
13,,AAPL,41.61000061035156,41.7400016784668,248.0,0.13000106811523438,0.31242746024592283,,,,,,,,,,,,,,,,,
14,,QCOM,49.61000061035156,49.709999084472656,209.0,0.09999847412109375,0.20156918542796426,,,,,,,,,,,,,,,,,
15,,AAPL,42.8125,43.21500015258789,242.0,0.4025001525878906,0.9401463418111313,,,,,,,,,,,,,,,,,
16,,AAPL,43.54499816894531,43.662498474121094,241.0,0.11750030517578125,0.26983651421893534,,,,,,,,,,,,,,,,,
17,,AAPL,43.560001373291016,43.099998474121094,241.0,-0.4600028991699219,-1.0560213146640862,,,,,,,,,,,,,,,,,
18,,AAPL,42.73500061035156,42.247501373291016,243.0,-0.4874992370605469,-1.1407493391785783,,,,,,,,,,,,,,,,,
19,,AAPL,42.602500915527344,42.76250076293945,241.0,0.15999984741210938,0.3755644480340688,,,,,,,,,,,,,,,,,
20,,QCOM,50.83000183105469,51.29999923706055,203.0,0.4699974060058594,0.9246456601910126,,,,,,,,,,,,,,,,,
21,,QCOM,51.65999984741211,52.0,201.0,0.3400001525878906,0.6581497359507307,,,,,,,,,,,,,,,,,
22,,QCOM,51.59000015258789,51.5,203.0,-0.09000015258789062,-0.17445270851269026,,,,,,,,,,,,,,,,,
23,,QCOM,51.56999969482422,52.08000183105469,203.0,0.5100021362304688,0.9889512104877028,,,,,,,,,,,,,,,,,
24,,MSFT,108.22000122070312,107.79000091552734,97.0,-0.43000030517578125,-0.3973390319030228,,,,,,,,,,,,,,,,,
25,,MSFT,108.16999816894531,107.86000061035156,97.0,-0.30999755859375,-0.28658367739784957,,,,,,,,,,,,,,,,,
26,,AAPL,43.00749969482422,42.95000076293945,244.0,-0.057498931884765625,-0.13369512827476784,,,,,,,,,,,,,,,,,
27,,AAPL,42.76499938964844,42.89500045776367,245.0,0.13000106811523438,0.30398940715687706,,,,,,,,,,,,,,,,,
28,,AAPL,43.24250030517578,43.540000915527344,243.0,0.2975006103515625,0.687981981273072,,,,,,,,,,,,,,,,,
29,,AAPL,43.557498931884766,43.4275016784668,243.0,-0.12999725341796875,-0.29844976549562335,,,,,,,,,,,,,,,,,
30,,AAPL,43.58250045776367,43.3025016784668,242.0,-0.279998779296875,-0.642456895212392,,,,,,,,,,,,,,,,,
31,,AAPL,43.717498779296875,43.58000183105469,240.0,-0.1374969482421875,-0.3145123853867445,,,,,,,,,,,,,,,,,
32,,AAPL,43.287498474121094,43.56999969482422,241.0,0.282501220703125,0.6526161840283169,,,,,,,,,,,,,,,,,
33,,AAPL,43.74250030517578,43.92250061035156,240.0,0.18000030517578125,0.41149980892720694,,,,,,,,,,,,,,,,,
34,,AAPL,43.962501525878906,43.66749954223633,240.0,-0.2950019836425781,-0.6710309318247567,,,,,,,,,,,,,,,,,
35,,AAPL,43.630001068115234,43.467498779296875,240.0,-0.16250228881835938,-0.3724553858356788,,,,,,,,,,,,,,,,,
36,,AAPL,43.125,42.58000183105469,242.0,-0.5449981689453125,-1.263763870018116,,,,,,,,,,,,,,,,,
37,,AAPL,43.227500915527344,43.872501373291016,239.0,0.6450004577636719,1.4921067471008653,,,,,,,,,,,,,,,,,
38,,QCOM,54.349998474121094,54.65999984741211,193.0,0.3100013732910156,0.5703797276804409,,,,,,,,,,,,,,,,,
39,,QCOM,54.84000015258789,55.029998779296875,192.0,0.18999862670898438,0.3464599310363393,,,,,,,,,,,,,,,,,
40,,QCOM,55.38999938964844,55.529998779296875,191.0,0.1399993896484375,0.2527521054181512,,,,,,,,,,,,,,,,,
41,,QCOM,55.400001525878906,55.0,191.0,-0.40000152587890625,-0.7220243950571992,,,,,,,,,,,,,,,,,
42,,AAPL,46.529998779296875,46.45000076293945,226.0,-0.07999801635742188,-0.17192782818858854,,,,,,,,,,,,,,,,,
43,,AAPL,47.005001068115234,46.557498931884766,223.0,-0.44750213623046875,-0.9520309032266391,,,,,,,,,,,,,,,,,
44,,AAPL,47.040000915527344,47.505001068115234,221.0,0.4650001525878906,0.9885207133029617,,,,,,,,,,,,,,,,,
45,,AAPL,48.772499084472656,47.877498626708984,215.0,-0.8950004577636719,-1.835051462533333,,,,,,,,,,,,,,,,,
46,,AAPL,47.185001373291016,47.915000915527344,219.0,0.7299995422363281,1.5471008180356716,,,,,,,,,,,,,,,,,
47,,AAPL,46.6974983215332,47.1875,224.0,0.4900016784667969,1.0493103401233952,,,,,,,,,,,,,,,,,
48,,AAPL,47.11750030517578,47.23749923706055,225.0,0.11999893188476562,0.2546801742612478,,,,,,,,,,,,,,,,,
49,,AAPL,47.18000030517578,47.45750045776367,225.0,0.2775001525878906,0.5881732742537691,,,,,,,,,,,,,,,,,
50,,AAPL,47.48749923706055,47.90999984741211,225.0,0.4225006103515625,0.8897091174298593,,,,,,,,,,,,,,,,,
51,,AAPL,47.810001373291016,47.772499084472656,225.0,-0.037502288818359375,-0.07844025881854497,,,,,,,,,,,,,,,,,
52,,AAPL,48.505001068115234,48.3125,222.0,-0.19250106811523438,-0.39686849577614985,,,,,,,,,,,,,,,,,
53,,AAPL,48.837501525878906,48.6974983215332,219.0,-0.14000320434570312,-0.2866715126110939,,,,,,,,,,,,,,,,,
54,,AAPL,48.92250061035156,49.11249923706055,218.0,0.18999862670898438,0.38836654778186536,,,,,,,,,,,,,,,,,
55,,AAPL,49.25,49.10499954223633,218.0,-0.14500045776367188,-0.29441717312420684,,,,,,,,,,,,,,,,,
56,,AAPL,50.025001525878906,49.66999816894531,214.0,-0.35500335693359375,-0.7096518662771927,,,,,,,,,,,,,,,,,
57,,AAPL,50.154998779296875,49.79999923706055,212.0,-0.3549995422363281,-0.7078049065427668,,,,,,,,,,,,,,,,,
58,,AAPL,49.717498779296875,49.64500045776367,212.0,-0.07249832153320312,-0.14582053263587053,,,,,,,,,,,,,,,,,
59,,AAPL,49.807498931884766,50.779998779296875,211.0,0.9724998474121094,1.952516926702284,,,,,,,,,,,,,,,,,
60,,AAPL,50.96500015258789,50.70750045776367,211.0,-0.25749969482421875,-0.5052480997807738,,,,,,,,,,,,,,,,,
61,,AAPL,51.13249969482422,51.10749816894531,209.0,-0.02500152587890625,-0.04889556745342723,,,,,,,,,,,,,,,,,
62,,AAPL,51.869998931884766,51.84000015258789,206.0,-0.029998779296875,-0.05783454774361792,,,,,,,,,,,,,,,,,
63,,AAPL,51.790000915527344,51.70750045776367,206.0,-0.08250045776367188,-0.1592980426824768,,,,,,,,,,,,,,,,,
64,,AAPL,51.31999969482422,51.224998474121094,207.0,-0.095001220703125,-0.18511539607960317,,,,,,,,,,,,,,,,,
65,,AAPL,51.07500076293945,50.76499938964844,208.0,-0.3100013732910156,-0.6069532426046595,,,,,,,,,,,,,,,,,
66,,AAPL,50.16749954223633,52.470001220703125,211.0,2.302501678466797,4.589628144668255,,,,,,,,,,,,,,,,,
67,,AAPL,52.630001068115234,52.459999084472656,210.0,-0.17000198364257812,-0.3230134527691853,,,,,,,,,,,,,,,,,
68,,AAPL,52.287498474121094,52.72249984741211,211.0,0.4350013732910156,0.8319414506056605,,,,,,,,,,,,,,,,,
69,,AAPL,52.9375,51.0724983215332,210.0,-1.8650016784667969,-3.523025602770809,,,,,,,,,,,,,,,,,
70,,AAPL,52.119998931884766,51.470001220703125,206.0,-0.6499977111816406,-1.247117660211616,,,,,,,,,,,,,,,,,
71,,AAPL,50.71500015258789,50.474998474121094,209.0,-0.24000167846679688,-0.473236079551801,,,,,,,,,,,,,,,,,
72,,AAPL,50.724998474121094,50.099998474121094,208.0,-0.625,-1.2321340932496287,,,,,,,,,,,,,,,,,
73,,AAPL,50.18000030517578,49.35499954223633,207.0,-0.8250007629394531,-1.6440828177004991,,,,,,,,,,,,,,,,,
74,,AAPL,49.29499816894531,46.9275016784668,208.0,-2.3674964904785156,-4.802711387399914,,,,,,,,,,,,,,,,,
75,,QCOM,83.88999938964844,84.2699966430664,116.0,0.37999725341796875,0.452970862060655,,,,,,,,,,,,,,,,,
76,,QCOM,86.12999725341797,85.55000305175781,113.0,-0.5799942016601562,-0.673393962795163,,,,,,,,,,,,,,,,,
77,,QCOM,86.26000213623047,83.79000091552734,112.0,-2.470001220703125,-2.8634374675788328,,,,,,,,,,,,,,,,,
78,,MSFT,128.92999267578125,128.30999755859375,73.0,-0.6199951171875,-0.4808773384068938,,,,,,,,,,,,,,,,,
79,,MSFT,128.07000732421875,126.5199966430664,73.0,-1.5500106811523438,-1.2102839013886963,,,,,,,,,,,,,,,,,
80,,QCOM,76.62000274658203,78.91000366210938,121.0,2.2900009155273438,2.988776864314977,,,,,,,,,,,,,,,,,
81,,QCOM,77.75,69.12999725341797,123.0,-8.620002746582031,-11.086820252838624,,,,,,,,,,,,,,,,,
82,,QCOM,69.30999755859375,67.0199966430664,122.0,-2.2900009155273438,-3.3039979745943686,,,,,,,,,,,,,,,,,
83,,MSFT,126.18000030517578,126.91000366210938,65.0,0.7300033569335938,0.5785412546901457,,,,,,,,,,,,,,,,,
84,,QCOM,66.20999908447266,66.63999938964844,125.0,0.43000030517578125,0.649449193659064,,,,,,,,,,,,,,,,,
85,,QCOM,65.37000274658203,65.36000061035156,127.0,-0.01000213623046875,-0.015300804360134018,,,,,,,,,,,,,,,,,
86,,QCOM,65.76000213623047,65.97000122070312,126.0,0.20999908447265625,0.3193416630942554,,,,,,,,,,,,,,,,,
87,,QCOM,66.58999633789062,65.77999877929688,125.0,-0.80999755859375,-1.2163952592573584,,,,,,,,,,,,,,,,,
88,,QCOM,66.81999969482422,67.08999633789062,123.0,0.26999664306640625,0.4040656155335478,,,,,,,,,,,,,,,,,
89,,QCOM,66.66000366210938,67.61000061035156,124.0,0.9499969482421875,1.425137857863907,,,,,,,,,,,,,,,,,
90,,QCOM,68.44999694824219,68.04000091552734,123.0,-0.40999603271484375,-0.5989715865507756,,,,,,,,,,,,,,,,,
91,,QCOM,67.0199966430664,66.91999816894531,124.0,-0.09999847412109375,-0.1492069220081633,,,,,,,,,,,,,,,,,
92,,QCOM,67.58999633789062,69.0,123.0,1.410003662109375,2.086112943490328,,,,,,,,,,,,,,,,,
93,,AAPL,48.14500045776367,48.71500015258789,177.0,0.5699996948242188,1.1839229191082141,,,,,,,,,,,,,,,,,
94,,AAPL,48.70249938964844,48.48749923706055,177.0,-0.21500015258789062,-0.4414560962626658,,,,,,,,,,,,,,,,,
95,,AAPL,48.54750061035156,48.67499923706055,177.0,0.12749862670898438,0.26262655153414516,,,,,,,,,,,,,,,,,
96,,AAPL,48.537498474121094,47.88750076293945,177.0,-0.6499977111816406,-1.3391660708023552,,,,,,,,,,,,,,,,,
97,,AAPL,48.185001373291016,49.01250076293945,176.0,0.8274993896484375,1.7173381053530925,,,,,,,,,,,,,,,,,
98,,AAPL,49.61249923706055,49.91999816894531,174.0,0.3074989318847656,0.619801333562055,,,,,,,,,,,,,,,,,
99,,AAPL,49.467498779296875,50.092498779296875,175.0,0.625,1.263455835494102,,,,,,,,,,,,,,,,,
100,,AAPL,49.8650016784668,49.70000076293945,176.0,-0.16500091552734375,-0.3308952370868887,,,,,,,,,,,,,,,,,
101,,AAPL,49.69499969482422,49.6349983215332,176.0,-0.060001373291015625,-0.12073925678535585,,,,,,,,,,,,,,,,,
102,,AAPL,49.64500045776367,49.60749816894531,176.0,-0.037502288818359375,-0.07554091745908047,,,,,,,,,,,,,,,,,
103,,AAPL,48.89250183105469,49.442501068115234,179.0,0.5499992370605469,1.1249153069749602,,,,,,,,,,,,,,,,,
104,,AAPL,49.95000076293945,50.0724983215332,177.0,0.12249755859375,0.2452403537992284,,,,,,,,,,,,,,,,,
105,,AAPL,49.935001373291016,49.66999816894531,177.0,-0.2650032043457031,-0.5306962993044928,,,,,,,,,,,,,,,,,
106,,AAPL,49.47999954223633,50.79249954223633,178.0,1.3125,2.6525869283398937,,,,,,,,,,,,,,,,,
107,,AAPL,50.38750076293945,50.352500915527344,180.0,-0.034999847412109375,-0.06946136816107405,,,,,,,,,,,,,,,,,
108,,AAPL,50.682498931884766,50.81999969482422,178.0,0.13750076293945312,0.2712983097464247,,,,,,,,,,,,,,,,,
109,,AAPL,51.102500915527344,50.837501525878906,177.0,-0.2649993896484375,-0.5185644242470298,,,,,,,,,,,,,,,,,
110,,AAPL,51.057498931884766,50.20249938964844,177.0,-0.8549995422363281,-1.6745817169324595,,,,,,,,,,,,,,,,,
111,,AAPL,50.005001068115234,49.79999923706055,177.0,-0.2050018310546875,-0.40996265708591917,,,,,,,,,,,,,,,,,
112,,AAPL,50.310001373291016,50.462501525878906,175.0,0.15250015258789062,0.3031209469790457,,,,,,,,,,,,,,,,,
113,,AAPL,50.807498931884766,50.61249923706055,174.0,-0.19499969482421875,-0.3838010115114025,,,,,,,,,,,,,,,,,
114,,AAPL,50.82500076293945,51.022499084472656,174.0,0.19749832153320312,0.3885849848864436,,,,,,,,,,,,,,,,,
115,,AAPL,51.3025016784668,51.147499084472656,173.0,-0.15500259399414062,-0.30213457223899837,,,,,,,,,,,,,,,,,
116,,AAPL,51.125,51.01250076293945,173.0,-0.11249923706054688,-0.2200474074533924,,,,,,,,,,,,,,,,,
117,,AAPL,50.837501525878906,51.0,173.0,0.16249847412109375,0.3196429195844207,,,,,,,,,,,,,,,,,
118,,AAPL,51.415000915527344,50.912498474121094,172.0,-0.50250244140625,-0.9773459738566184,,,,,,,,,,,,,,,,,
119,,QCOM,75.94999694824219,75.33999633789062,115.0,-0.6100006103515625,-0.8031608095616659,,,,,,,,,,,,,,,,,
120,,QCOM,74.12000274658203,74.01000213623047,117.0,-0.1100006103515625,-0.14840880501267262,,,,,,,,,,,,,,,,,
121,,AAPL,52.16749954223633,51.869998931884766,166.0,-0.2975006103515625,-0.5702796050454696,,,,,,,,,,,,,,,,,
122,,AAPL,51.935001373291016,52.1150016784668,166.0,0.18000030517578125,0.34658765845022443,,,,,,,,,,,,,,,,,
123,,AAPL,52.41999816894531,52.189998626708984,165.0,-0.22999954223632812,-0.4387629726637125,,,,,,,,,,,,,,,,,
124,,AAPL,52.19499969482422,54.10499954223633,165.0,1.9099998474121094,3.659354073339538,,,,,,,,,,,,,,,,,
125,,AAPL,53.2599983215332,53.474998474121094,168.0,0.21500015258789062,0.4036803593006598,,,,,,,,,,,,,,,,,
126,,AAPL,52.10749816894531,51.38249969482422,172.0,-0.7249984741210938,-1.3913515321163004,,,,,,,,,,,,,,,,,
127,,AAPL,51.005001068115234,49.497501373291016,173.0,-1.5074996948242188,-2.9555919287424586,,,,,,,,,,,,,,,,,
128,,QCOM,68.80000305175781,69.5199966430664,125.0,0.7199935913085938,1.0465022665288939,,,,,,,,,,,,,,,,,
129,,QCOM,68.16999816894531,67.26000213623047,127.0,-0.9099960327148438,-1.3348922651568889,,,,,,,,,,,,,,,,,
130,,AAPL,49.7599983215332,50.04999923706055,172.0,0.29000091552734375,0.5827992871974201,,,,,,,,,,,,,,,,,
131,,MSFT,138.88999938964844,138.61000061035156,62.0,-0.279998779296875,-0.20159750919960295,,,,,,,,,,,,,,,,,
132,,MSFT,135.7899932861328,136.36000061035156,63.0,0.57000732421875,0.4197712293995381,,,,,,,,,,,,,,,,,
133,,QCOM,70.87999725341797,71.44000244140625,121.0,0.5600051879882812,0.7900750701020615,,,,,,,,,,,,,,,,,
134,,AAPL,50.435001373291016,51.06999969482422,172.0,0.6349983215332031,1.2590429349516796,,,,,,,,,,,,,,,,,
135,,QCOM,73.27999877929688,74.58000183105469,120.0,1.3000030517578125,1.774021661317345,,,,,,,,,,,,,,,,,
136,,QCOM,74.87000274658203,74.56999969482422,119.0,-0.3000030517578125,-0.40069859857392387,,,,,,,,,,,,,,,,,
137,,MSFT,137.25999450683594,138.5500030517578,65.0,1.290008544921875,0.9398284981408979,,,,,,,,,,,,,,,,,
138,,AAPL,53.15999984741211,53.29750061035156,169.0,0.13750076293945312,0.25865455856683345,,,,,,,,,,,,,,,,,
139,,AAPL,53.1150016784668,52.35749816894531,170.0,-0.7575035095214844,-1.426157367191766,,,,,,,,,,,,,,,,,
140,,AAPL,50.65999984741211,51.46500015258789,176.0,0.8050003051757812,1.5890254788796718,,,,,,,,,,,,,,,,,
141,,AAPL,51.622501373291016,51.96500015258789,175.0,0.342498779296875,0.6634680036525323,,,,,,,,,,,,,,,,,
142,,AAPL,51.040000915527344,51.025001525878906,178.0,-0.0149993896484375,-0.029387518376541404,,,,,,,,,,,,,,,,,
143,,QCOM,74.3499984741211,75.22000122070312,122.0,0.8700027465820312,1.1701449420807344,,,,,,,,,,,,,,,,,
144,,MSFT,138.1199951171875,139.14999389648438,66.0,1.029998779296875,0.7457274947215105,,,,,,,,,,,,,,,,,
145,,AAPL,52.185001373291016,51.60749816894531,178.0,-0.5775032043457031,-1.1066459502696822,,,,,,,,,,,,,,,,,
146,,QCOM,75.12000274658203,75.98999786376953,122.0,0.8699951171875,1.1581404224949723,,,,,,,,,,,,,,,,,
147,,AAPL,52.29750061035156,53.0,177.0,0.7024993896484375,1.343275264495886,,,,,,,,,,,,,,,,,
148,,AAPL,53.31999969482422,53.51250076293945,176.0,0.19250106811523438,0.361029762222449,,,,,,,,,,,,,,,,,
149,,AAPL,53.314998626708984,53.709999084472656,177.0,0.3950004577636719,0.7408805550747781,,,,,,,,,,,,,,,,,
150,,AAPL,53.54249954223633,53.46500015258789,177.0,-0.0774993896484375,-0.14474369017326708,,,,,,,,,,,,,,,,,
151,,AAPL,54.17499923706055,54.51750183105469,175.0,0.3425025939941406,0.6322152262437656,,,,,,,,,,,,,,,,,
152,,AAPL,55.897499084472656,56.20000076293945,171.0,0.3025016784667969,0.5411721157858144,,,,,,,,,,,,,,,,,
153,,AAPL,55.772499084472656,55.0,172.0,-0.7724990844726562,-1.3850895999883999,,,,,,,,,,,,,,,,,
154,,AAPL,54.6875,54.432498931884766,173.0,-0.2550010681152344,-0.4662876674107143,,,,,,,,,,,,,,,,,
155,,AAPL,54.974998474121094,55.26499938964844,171.0,0.29000091552734375,0.5275141856781654,,,,,,,,,,,,,,,,,
156,,AAPL,55.692501068115234,55.502498626708984,170.0,-0.19000244140625,-0.3411634201413683,,,,,,,,,,,,,,,,,
157,,MSFT,141.07000732421875,141.00999450683594,67.0,-0.0600128173828125,-0.042541159897217615,,,,,,,,,,,,,,,,,
158,,QCOM,76.44000244140625,76.66999816894531,123.0,0.2299957275390625,0.3008839876939587,,,,,,,,,,,,,,,,,
159,,MSFT,139.13999938964844,140.36000061035156,68.0,1.220001220703125,0.8768156001543644,,,,,,,,,,,,,,,,,
160,,QCOM,75.2300033569336,75.02999877929688,127.0,-0.20000457763671875,-0.26585746206574545,,,,,,,,,,,,,,,,,
161,,QCOM,77.26000213623047,77.16000366210938,123.0,-0.09999847412109375,-0.12943110452517093,,,,,,,,,,,,,,,,,
162,,MSFT,139.5399932861328,140.14999389648438,68.0,0.6100006103515625,0.43715109624574067,,,,,,,,,,,,,,,,,
163,,MSFT,137.72999572753906,138.0500030517578,69.0,0.32000732421875,0.23234395857515056,,,,,,,,,,,,,,,,,
164,,QCOM,76.27999877929688,77.05999755859375,125.0,0.779998779296875,1.0225469215772645,,,,,,,,,,,,,,,,,
165,,QCOM,75.47000122070312,75.26000213623047,128.0,-0.20999908447265625,-0.2782550431641556,,,,,,,,,,,,,,,,,
166,,MSFT,134.64999389648438,134.9499969482422,71.0,0.3000030517578125,0.22280212800339783,,,,,,,,,,,,,,,,,
167,,QCOM,75.7300033569336,76.31999969482422,127.0,0.589996337890625,0.7790787161461374,,,,,,,,,,,,,,,,,
168,,MSFT,138.1199951171875,137.13999938964844,70.0,-0.9799957275390625,-0.7095248784997336,,,,,,,,,,,,,,,,,
169,,AAPL,56.76499938964844,56.45500183105469,170.0,-0.30999755859375,-0.5461068650170383,,,,,,,,,,,,,,,,,
170,,QCOM,72.8499984741211,73.91000366210938,132.0,1.0600051879882812,1.4550517641600675,,,,,,,,,,,,,,,,,
171,,QCOM,74.3499984741211,74.3499984741211,131.0,0.0,0.0,,,,,,,,,,,,,,,,,
172,,MSFT,139.10000610351562,140.1199951171875,70.0,1.019989013671875,0.7332774758563405,,,,,,,,,,,,,,,,,
173,,MSFT,139.67999267578125,140.05999755859375,70.0,0.3800048828125,0.2720539108951343,,,,,,,,,,,,,,,,,
174,,QCOM,77.81999969482422,77.48999786376953,126.0,-0.3300018310546875,-0.4240578673204953,,,,,,,,,,,,,,,,,
175,,QCOM,78.2300033569336,78.69999694824219,125.0,0.46999359130859375,0.6007843169380841,,,,,,,,,,,,,,,,,
176,,AAPL,58.81999969482422,58.647499084472656,168.0,-0.1725006103515625,-0.2932686352372447,,,,,,,,,,,,,,,,,
177,,AAPL,59.102500915527344,59.380001068115234,166.0,0.2775001525878906,0.469523536718877,,,,,,,,,,,,,,,,,
178,,AAPL,60.127498626708984,60.290000915527344,164.0,0.16250228881835938,0.2702628456693772,,,,,,,,,,,,,,,,,
179,,AAPL,59.9900016784668,60.525001525878906,165.0,0.5349998474121094,0.8918150232426909,,,,,,,,,,,,,,,,,
180,,AAPL,60.79499816894531,61.127498626708984,164.0,0.3325004577636719,0.5469207464069247,,,,,,,,,,,,,,,,,
181,,MSFT,139.94000244140625,139.33999633789062,72.0,-0.600006103515625,-0.42875953483483126,,,,,,,,,,,,,,,,,
182,,MSFT,140.72999572753906,144.39999389648438,71.0,3.6699981689453125,2.6078293756582136,,,,,,,,,,,,,,,,,
183,,QCOM,83.05000305175781,82.75,124.0,-0.3000030517578125,-0.3612318371269015,,,,,,,,,,,,,,,,,
184,,QCOM,81.66000366210938,82.0999984741211,125.0,0.43999481201171875,0.5388131181481668,,,,,,,,,,,,,,,,,
185,,QCOM,81.44000244140625,81.44000244140625,126.0,0.0,0.0,,,,,,,,,,,,,,,,,
186,,QCOM,80.44000244140625,81.58999633789062,128.0,1.149993896484375,1.4296293654665768,,,,,,,,,,,,,,,,,
187,,AAPL,63.95500183105469,64.3324966430664,163.0,0.37749481201171875,0.5902506468671825,,,,,,,,,,,,,,,,,
188,,QCOM,85.08999633789062,85.33999633789062,123.0,0.25,0.293806570407237,,,,,,,,,,,,,,,,,
189,,QCOM,84.62999725341797,89.83000183105469,124.0,5.200004577636719,6.144398849577778,,,,,,,,,,,,,,,,,
190,,AAPL,64.85749816894531,64.67250061035156,172.0,-0.18499755859375,-0.28523696383085195,,,,,,,,,,,,,,,,,
191,,QCOM,94.02999877929688,91.70999908447266,118.0,-2.3199996948242188,-2.4672973784351746,,,,,,,,,,,,,,,,,
192,,QCOM,91.83999633789062,92.18000030517578,118.0,0.34000396728515625,0.3702133937747993,,,,,,,,,,,,,,,,,
193,,AAPL,65.48999786376953,65.28250122070312,167.0,-0.20749664306640625,-0.3168371504577462,,,,,,,,,,,,,,,,,
194,,AAPL,66.11750030517578,65.9375,164.0,-0.18000030517578125,-0.2722430587135953,,,,,,,,,,,,,,,,,
195,,AAPL,65.66000366210938,65.91999816894531,165.0,0.2599945068359375,0.3959708990786629,,,,,,,,,,,,,,,,,
196,,AAPL,66.44000244140625,66.9749984741211,164.0,0.5349960327148438,0.8052318077300783,,,,,,,,,,,,,,,,,
197,,AAPL,66.57250213623047,66.38500213623047,165.0,-0.1875,-0.28164781851868786,,,,,,,,,,,,,,,,,
198,,AAPL,65.79750061035156,65.64749908447266,166.0,-0.15000152587890625,-0.22797450433141125,,,,,,,,,,,,,,,,,
199,,MSFT,149.58999633789062,150.0,73.0,0.410003662109375,0.2740849469527813,,,,,,,,,,,,,,,,,
200,,QCOM,85.29000091552734,85.25,128.0,-0.04000091552734375,-0.04689988873017053,,,,,,,,,,,,,,,,,
201,,QCOM,84.62999725341797,85.16000366210938,129.0,0.5300064086914062,0.6262630578899148,,,,,,,,,,,,,,,,,
202,,QCOM,84.80000305175781,84.51000213623047,130.0,-0.29000091552734375,-0.34198219939961705,,,,,,,,,,,,,,,,,
203,,QCOM,83.55000305175781,83.9800033569336,131.0,0.43000030517578125,0.5146622255769439,,,,,,,,,,,,,,,,,
204,,QCOM,82.44999694824219,81.37999725341797,134.0,-1.0699996948242188,-1.2977558937884603,,,,,,,,,,,,,,,,,
205,,QCOM,80.58000183105469,80.91999816894531,135.0,0.339996337890625,0.4219363739944642,,,,,,,,,,,,,,,,,
206,,AAPL,65.43499755859375,65.94750213623047,167.0,0.5125045776367188,0.7832270142255247,,,,,,,,,,,,,,,,,
207,,QCOM,82.58999633789062,83.44999694824219,133.0,0.8600006103515625,1.0412890767462253,,,,,,,,,,,,,,,,,
208,,QCOM,83.81999969482422,84.0,133.0,0.18000030517578125,0.2147462489037638,,,,,,,,,,,,,,,,,
209,,QCOM,84.91999816894531,84.83999633789062,131.0,-0.0800018310546875,-0.09420847006558657,,,,,,,,,,,,,,,,,
210,,QCOM,86.98999786376953,86.83999633789062,128.0,-0.15000152587890625,-0.1724353713789208,,,,,,,,,,,,,,,,,
211,,MSFT,153.24000549316406,153.0,72.0,-0.2400054931640625,-0.15662065032669878,,,,,,,,,,,,,,,,,
212,,QCOM,87.83000183105469,89.27999877929688,126.0,1.4499969482421875,1.6509130342856277,,,,,,,,,,,,,,,,,
213,,AAPL,69.96499633789062,69.89250183105469,161.0,-0.0724945068359375,-0.10361539431207971,,,,,,,,,,,,,,,,,
214,,AAPL,70.10250091552734,69.94999694824219,161.0,-0.15250396728515625,-0.21754426060907822,,,,,,,,,,,,,,,,,
215,,AAPL,69.93499755859375,69.875,161.0,-0.05999755859375,-0.08579046355650781,,,,,,,,,,,,,,,,,
216,,AAPL,70.00499725341797,70.55750274658203,161.0,0.5525054931640625,0.7892372185431186,,,,,,,,,,,,,,,,,
217,,AAPL,69.86000061035156,70.13249969482422,162.0,0.27249908447265625,0.3900645320525212,,,,,,,,,,,,,,,,,
218,,AAPL,71.0,71.17250061035156,160.0,0.1725006103515625,0.24295860612896128,,,,,,,,,,,,,,,,,
219,,AAPL,71.06749725341797,72.77999877929688,160.0,1.7125015258789062,2.4096831773494656,,,,,,,,,,,,,,,,,
220,,AAPL,72.44999694824219,72.36499786376953,161.0,-0.08499908447265625,-0.11732103250933061,,,,,,,,,,,,,,,,,
221,,AAPL,72.87999725341797,72.48249816894531,160.0,-0.39749908447265625,-0.545415888382205,,,,,,,,,,,,,,,,,
222,,AAPL,73.4124984741211,74.05999755859375,158.0,0.6474990844726562,0.882001155022545,,,,,,,,,,,,,,,,,
223,,AAPL,75.0875015258789,74.2874984741211,156.0,-0.8000030517578125,-1.0654277150000675,,,,,,,,,,,,,,,,,
224,,AAPL,74.35749816894531,73.44750213623047,156.0,-0.9099960327148438,-1.2238120635087408,,,,,,,,,,,,,,,,,
225,,AAPL,74.94999694824219,74.29000091552734,153.0,-0.6599960327148438,-0.880581800651191,,,,,,,,,,,,,,,,,
226,,AAPL,75.79750061035156,76.80999755859375,149.0,1.0124969482421875,1.3357919985344637,,,,,,,,,,,,,,,,,
227,,AAPL,77.40750122070312,77.6500015258789,148.0,0.24250030517578125,0.31327752653372437,,,,,,,,,,,,,,,,,
228,,AAPL,77.5824966430664,77.91000366210938,148.0,0.32750701904296875,0.42214034507000914,,,,,,,,,,,,,,,,,
229,,AAPL,79.23999786376953,79.17500305175781,146.0,-0.06499481201171875,-0.08202273317000677,,,,,,,,,,,,,,,,,
230,,AAPL,78.16999816894531,77.9625015258789,148.0,-0.20749664306640625,-0.2654428142852876,,,,,,,,,,,,,,,,,
231,,AAPL,77.83499908447266,78.39749908447266,148.0,0.5625,0.7226826063035355,,,,,,,,,,,,,,,,,
232,,AAPL,78.80999755859375,79.06749725341797,147.0,0.25749969482421875,0.3267348087820616,,,,,,,,,,,,,,,,,
233,,AAPL,79.68250274658203,79.29750061035156,146.0,-0.38500213623046875,-0.4831702355721794,,,,,,,,,,,,,,,,,
234,,AAPL,79.14250183105469,79.6449966430664,146.0,0.5024948120117188,0.6349240931053624,,,,,,,,,,,,,,,,,
235,,AAPL,79.42500305175781,80.0625,147.0,0.6374969482421875,0.8026401306232982,,,,,,,,,,,,,,,,,
236,,AAPL,79.57749938964844,77.51499938964844,148.0,-2.0625,-2.591813032351068,,,,,,,,,,,,,,,,,
237,,AAPL,77.23750305175781,78.1500015258789,148.0,0.9124984741210938,1.1814189196530824,,,,,,,,,,,,,,,,,
238,,AAPL,79.42250061035156,81.11250305175781,146.0,1.69000244140625,2.127863550528882,,,,,,,,,,,,,,,,,
239,,AAPL,81.08499908447266,80.13500213623047,146.0,-0.9499969482421875,-1.1716062884239544,,,,,,,,,,,,,,,,,
240,,MSFT,172.77999877929688,172.2100067138672,67.0,-0.5699920654296875,-0.32989470393374376,,,,,,,,,,,,,,,,,
241,,QCOM,85.30999755859375,85.55000305175781,137.0,0.2400054931640625,0.28133337244467593,,,,,,,,,,,,,,,,,
242,,QCOM,86.4800033569336,88.25,135.0,1.7699966430664062,2.0467120425065244,,,,,,,,,,,,,,,,,
243,,QCOM,88.93000030517578,90.98999786376953,134.0,2.05999755859375,2.3164258984871013,,,,,,,,,,,,,,,,,
244,,QCOM,90.91000366210938,88.05999755859375,134.0,-2.850006103515625,-3.134975237827965,,,,,,,,,,,,,,,,,
245,,QCOM,90.61000061035156,89.62000274658203,130.0,-0.9899978637695312,-1.0925922713838176,,,,,,,,,,,,,,,,,
246,,QCOM,87.41999816894531,86.77999877929688,134.0,-0.6399993896484375,-0.7320972352476987,,,,,,,,,,,,,,,,,
247,,AAPL,80.38749694824219,80.9000015258789,144.0,0.5125045776367188,0.6375426491593548,,,,,,,,,,,,,,,,,
248,,AAPL,79.90249633789062,80.36750030517578,146.0,0.46500396728515625,0.5819642546820485,,,,,,,,,,,,,,,,,
249,,AAPL,81.80000305175781,81.04750061035156,144.0,-0.75250244140625,-0.9199296006506437,,,,,,,,,,,,,,,,,
250,,AAPL,81.21749877929688,81.18499755859375,143.0,-0.032501220703125,-0.04001751000907439,,,,,,,,,,,,,,,,,
251,,AAPL,81.23750305175781,78.83999633789062,143.0,-2.3975067138671875,-2.9512314187447326,,,,,,,,,,,,,,,,,
252,,AAPL,79.75,80.0,142.0,0.25,0.3134796238244514,,,,,,,,,,,,,,,,,
253,,AAPL,80.90499877929688,80.65750122070312,140.0,-0.24749755859375,-0.30591133097833156,,,,,,,,,,,,,,,,,
254,,AAPL,80.07499694824219,79.65499877929688,141.0,-0.4199981689453125,-0.5245060068085738,,,,,,,,,,,,,,,,,
255,,AAPL,78.26249694824219,74.31500244140625,144.0,-3.9474945068359375,-5.043915873840006,,,,,,,,,,,,,,,,,
256,,AAPL,74.54499816894531,75.23750305175781,143.0,0.6925048828125,0.9289756520525216,,,,,,,,,,,,,,,,,
257,,QCOM,80.22000122070312,81.0,134.0,0.779998779296875,0.9723245667261016,,,,,,,,,,,,,,,,,
258,,QCOM,79.66000366210938,77.12999725341797,136.0,-2.5300064086914062,-3.1760058905129256,,,,,,,,,,,,,,,,,
259,,TMUS,93.29000091552734,92.62999725341797,113.0,-0.660003662109375,-0.707475244540943,,,,,,,,,,,,,,,,,
260,,AMD,46.75,48.25,224.0,1.5,3.2085561497326207,,,,,,,,,,,,,,,,,
261,,KO,51.86000061035156,53.220001220703125,208.0,1.3600006103515625,2.622446190407677,,,,,,,,,,,,,,,,,
262,,QCOM,78.88999938964844,76.29000091552734,140.0,-2.5999984741210938,-3.295726320492599,,,,,,,,,,,,,,,,,
263,,MSFT,153.6300048828125,145.3000030517578,69.0,-8.330001831054688,-5.422119095425879,,,,,,,,,,,,,,,,,
264,,AMD,38.709999084472656,40.189998626708984,262.0,1.4799995422363281,3.823300380366026,,,,,,,,,,,,,,,,,
265,,AAPL,61.66749954223633,61.84749984741211,171.0,0.18000030517578125,0.2918884444998427,,,,,,,,,,,,,,,,,
266,,KO,41.83000183105469,41.95000076293945,253.0,0.11999893188476562,0.28687288221842283,,,,,,,,,,,,,,,,,
267,,SNE,53.060001373291016,53.939998626708984,200.0,0.8799972534179688,1.6584945922389964,,,,,,,,,,,,,,,,,
268,,AMD,46.220001220703125,46.790000915527344,233.0,0.5699996948242188,1.2332316741023825,,,,,,,,,,,,,,,,,
269,,JNJ,119.4000015258789,120.56999969482422,91.0,1.1699981689453125,0.9798979514181377,,,,,,,,,,,,,,,,,
270,,QCOM,69.02999877929688,69.30000305175781,159.0,0.2700042724609375,0.3911404856375512,,,,,,,,,,,,,,,,,
271,,AAPL,63.5724983215332,61.625,174.0,-1.9474983215332031,-3.0634289558407186,,,,,,,,,,,,,,,,,
272,,AAPL,60.227500915527344,60.084999084472656,178.0,-0.1425018310546875,-0.2366059173774366,,,,,,,,,,,,,,,,,
273,,AAPL,61.23249816894531,60.70000076293945,174.0,-0.5324974060058594,-0.8696320122962432,,,,,,,,,,,,,,,,,
274,,AAPL,60.352500915527344,62.724998474121094,175.0,2.37249755859375,3.931067516016324,,,,,,,,,,,,,,,,,
275,,AAPL,65.61750030517578,67.69999694824219,168.0,2.0824966430664062,3.1736909107800053,,,,,,,,,,,,,,,,,
276,,AAPL,64.85749816894531,65.68499755859375,175.0,0.8274993896484375,1.27587312648556,,,,,,,,,,,,,,,,,
277,,AAPL,66.51750183105469,67.17500305175781,173.0,0.657501220703125,0.988463490966765,,,,,,,,,,,,,,,,,
278,,AAPL,66.99749755859375,70.0,173.0,3.00250244140625,4.481514311456727,,,,,,,,,,,,,,,,,
279,,AAPL,71.76249694824219,70.5999984741211,169.0,-1.1624984741210938,-1.6199247846121232,,,,,,,,,,,,,,,,,
280,,AAPL,71.10749816894531,71.84500122070312,168.0,0.7375030517578125,1.0371663618449471,,,,,,,,,,,,,,,,,
281,,AAPL,71.67250061035156,71.17250061035156,168.0,-0.5,-0.697617629833032,,,,,,,,,,,,,,,,,
282,,AAPL,70.69999694824219,69.48750305175781,169.0,-1.212493896484375,-1.7149843689130757,,,,,,,,,,,,,,,,,
283,,AAPL,69.23249816894531,69.06999969482422,170.0,-0.16249847412109375,-0.23471415652885322,,,,,,,,,,,,,,,,,
284,,AAPL,67.09249877929688,68.40249633789062,175.0,1.30999755859375,1.9525246226154622,,,,,,,,,,,,,,,,,
285,,AAPL,69.0250015258789,68.96749877929688,173.0,-0.05750274658203125,-0.08330712830259378,,,,,,,,,,,,,,,,,
286,,AAPL,68.75749969482422,69.30000305175781,174.0,0.5425033569335938,0.7890097216179476,,,,,,,,,,,,,,,,,
287,,AAPL,70.74250030517578,70.44999694824219,170.0,-0.29250335693359375,-0.4134761362289497,,,,,,,,,,,,,,,,,
288,,AAPL,70.7925033569336,71.2699966430664,170.0,0.4774932861328125,0.6744969643541298,,,,,,,,,,,,,,,,,
289,,AAPL,69.6449966430664,71.18250274658203,174.0,1.537506103515625,2.2076332509504017,,,,,,,,,,,,,,,,,
290,,AAPL,71.93250274658203,72.48999786376953,172.0,0.5574951171875,0.7750253305540521,,,,,,,,,,,,,,,,,
291,,AAPL,73.44999694824219,71.5625,169.0,-1.8874969482421875,-2.5697713092789436,,,,,,,,,,,,,,,,,
292,,AAPL,72.26750183105469,73.76499938964844,168.0,1.49749755859375,2.072159021207853,,,,,,,,,,,,,,,,,
293,,QCOM,77.62999725341797,78.80999755859375,159.0,1.1800003051757812,1.5200313627781652,,,,,,,,,,,,,,,,,
294,,QCOM,78.87000274658203,79.69999694824219,159.0,0.8299942016601562,1.0523572622750106,,,,,,,,,,,,,,,,,
295,,QCOM,78.83000183105469,79.69999694824219,161.0,0.8699951171875,1.103634526169413,,,,,,,,,,,,,,,,,
296,,MSFT,184.67999267578125,183.14999389648438,69.0,-1.529998779296875,-0.8284594108593538,,,,,,,,,,,,,,,,,
297,,QCOM,80.4800033569336,81.29000091552734,158.0,0.80999755859375,1.0064581570671198,,,,,,,,,,,,,,,,,
298,,QCOM,78.41999816894531,78.86000061035156,164.0,0.44000244140625,0.5610844831420732,,,,,,,,,,,,,,,,,
299,,AAPL,76.9124984741211,76.12750244140625,168.0,-0.7849960327148438,-1.0206352001150671,,,,,,,,,,,,,,,,,
300,,AAPL,77.38500213623047,75.0875015258789,165.0,-2.2975006103515625,-2.9689223324010325,,,,,,,,,,,,,,,,,
301,,AAPL,76.92749786376953,78.2925033569336,161.0,1.3650054931640625,1.7744051620934596,,,,,,,,,,,,,,,,,
302,,QCOM,79.94000244140625,79.75,158.0,-0.19000244140625,-0.2376813054834673,,,,,,,,,,,,,,,,,
303,,AAPL,78.28500366210938,79.16999816894531,161.0,0.8849945068359375,1.130477697434512,,,,,,,,,,,,,,,,,
304,,MSFT,185.66000366210938,185.39999389648438,68.0,-0.260009765625,-0.14004619223115117,,,,,,,,,,,,,,,,,
305,,AAPL,79.2125015258789,78.94249725341797,161.0,-0.2700042724609375,-0.3408606814073742,,,,,,,,,,,,,,,,,
306,,AAPL,79.72250366210938,80.875,159.0,1.152496337890625,1.4456349022545627,,,,,,,,,,,,,,,,,
307,,AAPL,79.18250274658203,79.03500366210938,163.0,-0.14749908447265625,-0.18627737108123066,,,,,,,,,,,,,,,,,
308,,AAPL,79.52749633789062,79.19249725341797,162.0,-0.33499908447265625,-0.42123680475157493,,,,,,,,,,,,,,,,,
309,,AAPL,79.5625,79.8125,161.0,0.25,0.3142183817753339,,,,,,,,,,,,,,,,,
310,,QCOM,80.87999725341797,79.88999938964844,159.0,-0.9899978637695312,-1.2240330086407047,,,,,,,,,,,,,,,,,
311,,MSFT,182.8300018310547,184.25,69.0,1.4199981689453125,0.7766767788240091,,,,,,,,,,,,,,,,,
312,,AAPL,80.83499908447266,81.16500091552734,158.0,0.3300018310546875,0.4082412751806124,,,,,,,,,,,,,,,,,
313,,AAPL,81.27999877929688,81.09750366210938,158.0,-0.1824951171875,-0.22452647628974126,,,,,,,,,,,,,,,,,
314,,AAPL,80.58000183105469,80.8375015258789,159.0,0.25749969482421875,0.3195578170426165,,,,,,,,,,,,,,,,,
315,,AAPL,82.875,82.5625,155.0,-0.3125,-0.3770739064856712,,,,,,,,,,,,,,,,,
316,,AAPL,83.36499786376953,83.03500366210938,153.0,-0.32999420166015625,-0.3958426319393836,,,,,,,,,,,,,,,,,
317,,AAPL,85.99749755859375,86.9749984741211,148.0,0.9775009155273438,1.136662046312837,,,,,,,,,,,,,,,,,
318,,AAPL,88.20999908447266,87.32749938964844,146.0,-0.8824996948242188,-1.0004531277447464,,,,,,,,,,,,,,,,,
319,,AAPL,83.9749984741211,86.18000030517578,152.0,2.2050018310546875,2.6257837107722146,,,,,,,,,,,,,,,,,
320,,AAPL,84.69999694824219,83.3125,155.0,-1.3874969482421875,-1.6381310486823846,,,,,,,,,,,,,,,,,
321,,AAPL,85.74749755859375,87.86499786376953,150.0,2.1175003051757812,2.469460177224218,,,,,,,,,,,,,,,,,
322,,AAPL,88.0199966430664,88.7874984741211,150.0,0.7675018310546875,0.8719630314995541,,,,,,,,,,,,,,,,,
323,,AAPL,87.89749908447266,87.85250091552734,151.0,-0.0449981689453125,-0.051193912698321076,,,,,,,,,,,,,,,,,
324,,QCOM,89.91999816894531,89.87000274658203,148.0,-0.04999542236328125,-0.05559989255042892,,,,,,,,,,,,,,,,,
325,,QCOM,88.80999755859375,88.72000122070312,150.0,-0.089996337890625,-0.10133581844909809,,,,,,,,,,,,,,,,,
326,,AAPL,89.71749877929688,91.0,148.0,1.282501220703125,1.4294883809211518,,,,,,,,,,,,,,,,,
327,,MSFT,201.91000366210938,201.60000610351562,66.0,-0.30999755859375,-0.15353254072171782,,,,,,,,,,,,,,,,,
328,,QCOM,89.13999938964844,88.69999694824219,151.0,-0.44000244140625,-0.4936083065054925,,,,,,,,,,,,,,,,,
329,,QCOM,88.95999908447266,88.20999908447266,150.0,-0.75,-0.8430755482448147,,,,,,,,,,,,,,,,,
330,,QCOM,89.01000213623047,89.19999694824219,149.0,0.18999481201171875,0.21345332822364196,,,,,,,,,,,,,,,,,
331,,QCOM,91.20999908447266,91.01000213623047,146.0,-0.1999969482421875,-0.21927085873223567,,,,,,,,,,,,,,,,,
332,,QCOM,89.77999877929688,91.08999633789062,148.0,1.30999755859375,1.459119599471228,,,,,,,,,,,,,,,,,
333,,QCOM,91.87000274658203,93.20999908447266,147.0,1.339996337890625,1.458578750222666,,,,,,,,,,,,,,,,,
334,,QCOM,92.91999816894531,93.2699966430664,147.0,0.34999847412109375,0.3766664668726461,,,,,,,,,,,,,,,,,
335,,AAPL,95.34249877929688,96.26249694824219,144.0,0.9199981689453125,0.9649402739852307,,,,,,,,,,,,,,,,,
336,,AAPL,95.75250244140625,95.33499908447266,145.0,-0.41750335693359375,-0.4360234419868831,,,,,,,,,,,,,,,,,
337,,AAPL,95.91999816894531,97.26499938964844,144.0,1.345001220703125,1.4022114745395995,,,,,,,,,,,,,,,,,
338,,AAPL,95.47750091552734,94.83999633789062,146.0,-0.6375045776367188,-0.6677013657916578,,,,,,,,,,,,,,,,,
339,,AAPL,97.05750274658203,98.98999786376953,143.0,1.9324951171875,1.9910826700675177,,,,,,,,,,,,,,,,,
340,,AAPL,97.7249984741211,96.5625,145.0,-1.1624984741210938,-1.1895610051392727,,,,,,,,,,,,,,,,,
341,,AAPL,96.52249908447266,96.98750305175781,145.0,0.46500396728515625,0.48175707394211087,,,,,,,,,,,,,,,,,
342,,AAPL,96.32749938964844,99.17250061035156,146.0,2.845001220703125,2.95346732628757,,,,,,,,,,,,,,,,,
343,,AAPL,97.0,96.69249725341797,149.0,-0.30750274658203125,-0.3170131408062178,,,,,,,,,,,,,,,,,
344,,AAPL,97.27249908447266,96.99749755859375,148.0,-0.27500152587890625,-0.2827125122385223,,,,,,,,,,,,,,,,,
345,,AAPL,92.84500122070312,90.98750305175781,155.0,-1.8574981689453125,-2.000644239887324,,,,,,,,,,,,,,,,,
346,,AAPL,92.61499786376953,93.70999908447266,152.0,1.095001220703125,1.182315225352376,,,,,,,,,,,,,,,,,
347,,AAPL,94.80999755859375,94.36750030517578,150.0,-0.44249725341796875,-0.46672003460869194,,,,,,,,,,,,,,,,,
348,,AAPL,93.25250244140625,93.75,152.0,0.49749755859375,0.5334951294270572,,,,,,,,,,,,,,,,,
349,,QCOM,93.02999877929688,102.41999816894531,153.0,9.389999389648438,10.093517696291867,,,,,,,,,,,,,,,,,
350,,QCOM,107.19000244140625,105.66000366210938,146.0,-1.529998779296875,-1.4273707850069552,,,,,,,,,,,,,,,,,
351,,QCOM,105.61000061035156,107.4000015258789,147.0,1.7900009155273438,1.6949161113364235,,,,,,,,,,,,,,,,,
352,,AAPL,108.9375,109.37750244140625,144.0,0.44000244140625,0.40390356067125643,,,,,,,,,,,,,,,,,
353,,AAPL,110.0625,110.40499877929688,144.0,0.342498779296875,0.3111857165672913,,,,,,,,,,,,,,,,,
354,,AAPL,113.90249633789062,113.20500183105469,139.0,-0.6974945068359375,-0.6123610362031285,,,,,,,,,,,,,,,,,
355,,AAPL,111.11250305175781,112.5999984741211,142.0,1.4874954223632812,1.3387291092437943,,,,,,,,,,,,,,,,,
356,,AAPL,112.72750091552734,111.97000122070312,142.0,-0.7574996948242188,-0.6719741754870031,,,,,,,,,,,,,,,,,
357,,AAPL,109.375,110.49749755859375,145.0,1.12249755859375,1.026283482142857,,,,,,,,,,,,,,,,,
358,,AAPL,113.01000213623047,114.43000030517578,142.0,1.4199981689453125,1.2565243271418962,,,,,,,,,,,,,,,,,
359,,AAPL,115.01000213623047,114.83000183105469,141.0,-0.18000030517578125,-0.1565083921679865,,,,,,,,,,,,,,,,,
360,,AAPL,114.90750122070312,116.0625,141.0,1.154998779296875,1.005155248375357,,,,,,,,,,,,,,,,,
361,,AAPL,114.60749816894531,114.35250091552734,143.0,-0.25499725341796875,-0.22249613462643775,,,,,,,,,,,,,,,,,
362,,AAPL,115.5625,115.98249816894531,141.0,0.4199981689453125,0.3634381126622499,,,,,,,,,,,,,,,,,
363,,AAPL,115.7074966430664,119.26249694824219,142.0,3.5550003051757812,3.072402746852452,,,,,,,,,,,,,,,,,
364,,AAPL,124.37000274658203,128.69749450683594,136.0,4.327491760253906,3.479530163774026,,,,,,,,,,,,,,,,,
365,,MSFT,213.69000244140625,213.10000610351562,82.0,-0.589996337890625,-0.2760991769151212,,,,,,,,,,,,,,,,,
366,,MSFT,216.47000122070312,217.8800048828125,80.0,1.410003662109375,0.6513621537202277,,,,,,,,,,,,,,,,,
367,,AAPL,126.52249908447266,127.14250183105469,139.0,0.6200027465820312,0.49003359170773797,,,,,,,,,,,,,,,,,
368,,AAPL,125.01000213623047,126.01249694824219,141.0,1.0024948120117188,0.8019316813699783,,,,,,,,,,,,,,,,,
369,,AAPL,124.80750274658203,127.58000183105469,142.0,2.7724990844726562,2.221420205884685,,,,,,,,,,,,,,,,,
370,,AAPL,129.0399932861328,132.75999450683594,141.0,3.720001220703125,2.8828281263580102,,,,,,,,,,,,,,,,,
371,,AAPL,134.17999267578125,137.58999633789062,139.0,3.410003662109375,2.5413652170550924,,,,,,,,,,,,,,,,,
372,,AAPL,131.39999389648438,126.91000366210938,146.0,-4.489990234375,-3.417039910909106,,,,,,,,,,,,,,,,,
373,,AAPL,120.87999725341797,120.06999969482422,153.0,-0.80999755859375,-0.6700840312691575,,,,,,,,,,,,,,,,,
374,,AAPL,120.95999908447266,113.94999694824219,152.0,-7.010002136230469,-5.795306042731547,,,,,,,,,,,,,,,,,
375,,AAPL,112.81999969482422,117.26000213623047,153.0,4.44000244140625,3.9354746085945447,,,,,,,,,,,,,,,,,
376,,QCOM,114.0199966430664,115.1500015258789,158.0,1.1300048828125,0.9910585126132925,,,,,,,,,,,,,,,,,
377,,QCOM,112.44000244140625,113.37999725341797,162.0,0.9399948120117188,0.835996790823231,,,,,,,,,,,,,,,,,
378,,PEP,136.6699981689453,136.47999572753906,134.0,-0.19000244140625,-0.1390227877016414,,,,,,,,,,,,,,,,,
379,,AAPL,115.54000091552734,115.2300033569336,158.0,-0.30999755859375,-0.26830323363108927,,,,,,,,,,,,,,,,,
380,,MSFT,205.0500030517578,200.0500030517578,89.0,-5.0,-2.438429615013428,,,,,,,,,,,,,,,,,
381,,QCOM,114.87999725341797,109.16000366210938,155.0,-5.719993591308594,-4.979103175542956,,,,,,,,,,,,,,,,,
382,,QCOM,111.91999816894531,112.61000061035156,151.0,0.69000244140625,0.6165139856102201,,,,,,,,,,,,,,,,,
383,,MSFT,207.4199981689453,207.89999389648438,82.0,0.4799957275390625,0.2314124634926002,,,,,,,,,,,,,,,,,
384,,MSFT,200.58999633789062,199.85000610351562,85.0,-0.739990234375,-0.36890684873860724,,,,,,,,,,,,,,,,,
385,,QCOM,112.19000244140625,113.55000305175781,152.0,1.3600006103515625,1.2122297715982788,,,,,,,,,,,,,,,,,
386,,QCOM,114.5,115.95999908447266,150.0,1.4599990844726562,1.2751083707184772,,,,,,,,,,,,,,,,,
387,,QCOM,118.47000122070312,118.13999938964844,147.0,-0.3300018310546875,-0.27855307474835944,,,,,,,,,,,,,,,,,
388,,QCOM,117.37999725341797,119.93000030517578,148.0,2.5500030517578125,2.172434070050687,,,,,,,,,,,,,,,,,
389,,AAPL,116.79000091552734,112.88999938964844,152.0,-3.9000015258789062,-3.3393282775121524,,,,,,,,,,,,,,,,,
390,,AAPL,113.0199966430664,113.91000366210938,152.0,0.8900070190429688,0.7874774778606131,,,,,,,,,,,,,,,,,
391,,AAPL,116.5,115.69999694824219,148.0,-0.8000030517578125,-0.6866978985045601,,,,,,,,,,,,,,,,,
392,,AAPL,113.16000366210938,114.62000274658203,152.0,1.4599990844726562,1.29020770344984,,,,,,,,,,,,,,,,,
393,,AAPL,115.08000183105469,116.25,151.0,1.1699981689453125,1.0166824385899382,,,,,,,,,,,,,,,,,
394,,AAPL,114.97000122070312,115.27999877929688,153.0,0.30999755859375,0.26963343072308105,,,,,,,,,,,,,,,,,
395,,AAPL,116.97000122070312,120.05999755859375,151.0,3.089996337890625,2.6416998423897686,,,,,,,,,,,,,,,,,
396,,AAPL,124.4000015258789,125.2699966430664,145.0,0.8699951171875,0.6993529795146466,,,,,,,,,,,,,,,,,
397,,AAPL,121.0999984741211,121.0,150.0,-0.09999847412109375,-0.0825751241792652,,,,,,,,,,,,,,,,,
398,,AAPL,121.19000244140625,118.72000122070312,150.0,-2.470001220703125,-2.03812292346255,,,,,,,,,,,,,,,,,
399,,AAPL,120.70999908447266,121.27999877929688,148.0,0.5699996948242188,0.47220586459066566,,,,,,,,,,,,,,,,,
400,,AAPL,119.0199966430664,119.95999908447266,150.0,0.94000244140625,0.7897853032421595,,,,,,,,,,,,,,,,,
401,,AAPL,115.9800033569336,116.66999816894531,156.0,0.6899948120117188,0.5949256699779781,,,,,,,,,,,,,,,,,
402,,MSFT,214.8000030517578,213.92999267578125,84.0,-0.8700103759765625,-0.4050327577355417,,,,,,,,,,,,,,,,,
403,,QCOM,128.3800048828125,127.52999877929688,141.0,-0.850006103515625,-0.6621016289036017,,,,,,,,,,,,,,,,,
404,,MSFT,210.0800018310547,211.58999633789062,85.0,1.5099945068359375,0.7187711793958702,,,,,,,,,,,,,,,,,
405,,QCOM,125.91000366210938,123.5,144.0,-2.410003662109375,-1.9140684552570046,,,,,,,,,,,,,,,,,
406,,QCOM,121.58000183105469,122.05999755859375,146.0,0.4799957275390625,0.3947982565472039,,,,,,,,,,,,,,,,,
407,,QCOM,126.44000244140625,123.68000030517578,141.0,-2.7600021362304688,-2.182855174737509,,,,,,,,,,,,,,,,,
408,,QCOM,123.36000061035156,124.5,141.0,1.1399993896484375,0.9241240142736966,,,,,,,,,,,,,,,,,
409,,PEP,135.14999389648438,136.6199951171875,130.0,1.470001220703125,1.087681307502718,,,,,,,,,,,,,,,,,
410,,AAPL,119.02999877929688,118.31999969482422,149.0,-0.7099990844726562,-0.5964875172259078,,,,,,,,,,,,,,,,,
411,,AAPL,118.69000244140625,120.5,149.0,1.80999755859375,1.5249789547247605,,,,,,,,,,,,,,,,,
412,,AAPL,116.31999969482422,115.55000305175781,154.0,-0.7699966430664062,-0.6619641034100416,,,,,,,,,,,,,,,,,
413,,AAPL,115.97000122070312,117.19000244140625,154.0,1.220001220703125,1.0519972474444785,,,,,,,,,,,,,,,,,
414,,AAPL,119.48999786376953,119.44000244140625,151.0,-0.04999542236328125,-0.04184067558548373,,,,,,,,,,,,,,,,,
415,,AAPL,119.26000213623047,118.91999816894531,151.0,-0.34000396728515625,-0.2850947184260238,,,,,,,,,,,,,,,,,
416,,AAPL,120.30000305175781,119.55000305175781,149.0,-0.75,-0.6234413806933324,,,,,,,,,,,,,,,,,
417,,AAPL,119.38999938964844,118.61000061035156,149.0,-0.779998779296875,-0.6533200295539191,,,,,,,,,,,,,,,,,
418,,AAPL,118.02999877929688,117.58999633789062,150.0,-0.44000244140625,-0.37278865200109523,,,,,,,,,,,,,,,,,
419,,AAPL,118.63999938964844,118.63999938964844,149.0,0.0,0.0,,,,,,,,,,,,,,,,,
420,,AAPL,117.33999633789062,117.18000030517578,151.0,-0.15999603271484375,-0.136352512108592,,,,,,,,,,,,,,,,,
421,,AAPL,113.8499984741211,115.55000305175781,155.0,1.7000045776367188,1.4931968383145315,,,,,,,,,,,,,,,,,
422,,AAPL,116.02999877929688,116.56999969482422,154.0,0.5400009155273438,0.4653976740571126,,,,,,,,,,,,,,,,,
423,,MSFT,215.22999572753906,214.10000610351562,83.0,-1.1299896240234375,-0.525014935861402,,,,,,,,,,,,,,,,,
424,,QCOM,147.1699981689453,148.7899932861328,121.0,1.6199951171875,1.100764515419651,,,,,,,,,,,,,,,,,
425,,AAPL,122.72000122070312,122.0199966430664,147.0,-0.7000045776367188,-0.5704078965724672,,,,,,,,,,,,,,,,,
426,,AAPL,123.08000183105469,123.5199966430664,146.0,0.43999481201171875,0.3574868422700188,,,,,,,,,,,,,,,,,
427,,AAPL,122.94000244140625,122.5999984741211,147.0,-0.34000396728515625,-0.27656089192547695,,,,,,,,,,,,,,,,,
428,,AAPL,122.25,124.37000274658203,147.0,2.1200027465820312,1.7341535759362217,,,,,,,,,,,,,,,,,
429,,AAPL,124.37999725341797,120.5,147.0,-3.8799972534179688,-3.119470444683055,,,,,,,,,,,,,,,,,
430,,AAPL,123.23999786376953,122.43000030517578,144.0,-0.80999755859375,-0.6572521686418137,,,,,,,,,,,,,,,,,
431,,AAPL,122.41000366210938,124.33999633789062,144.0,1.92999267578125,1.5766625423103857,,,,,,,,,,,,,,,,,
432,,AAPL,127.87999725341797,127.41000366210938,140.0,-0.46999359130859375,-0.36752705771271965,,,,,,,,,,,,,,,,,
433,,AAPL,127.80999755859375,128.89999389648438,140.0,1.089996337890625,0.8528255681961989,,,,,,,,,,,,,,,,,
434,,AAPL,128.6999969482422,128.9600067138672,140.0,0.260009765625,0.20202779470893475,,,,,,,,,,,,,,,,,
435,,AAPL,126.66000366210938,125.0199966430664,142.0,-1.6400070190429688,-1.2948104939409382,,,,,,,,,,,,,,,,,
436,,AAPL,128.22999572753906,131.61000061035156,139.0,3.3800048828125,2.6358925332839265,,,,,,,,,,,,,,,,,
437,,AAPL,131.8800048828125,132.16000366210938,138.0,0.279998779296875,0.2123132915756863,,,,,,,,,,,,,,,,,
438,,AAPL,130.9600067138672,131.32000732421875,140.0,0.3600006103515625,0.2748935490955824,,,,,,,,,,,,,,,,,
439,,AAPL,131.97000122070312,133.99000549316406,139.0,2.0200042724609375,1.530654128799117,,,,,,,,,,,,,,,,,
440,,AAPL,136.69000244140625,138.0500030517578,136.0,1.3600006103515625,0.994952510103687,,,,,,,,,,,,,,,,,
441,,AAPL,134.8699951171875,135.5800018310547,139.0,0.7100067138671875,0.5264378583615045,,,,,,,,,,,,,,,,,
442,,AAPL,133.72000122070312,134.0800018310547,141.0,0.3600006103515625,0.2692197181163543,,,,,,,,,,,,,,,,,
443,,AAPL,132.69000244140625,133.52000427246094,143.0,0.8300018310546875,0.625519493393033,,,,,,,,,,,,,,,,,
444,,AAPL,129.41000366210938,128.88999938964844,147.0,-0.5200042724609375,-0.40182695135275104,,,,,,,,,,,,,,,,,
445,,AAPL,131.00999450683594,127.72000122070312,145.0,-3.2899932861328125,-2.5112536631402915,,,,,,,,,,,,,,,,,
446,,AAPL,126.5999984741211,128.36000061035156,146.0,1.7600021362304688,1.3902070753896882,,,,,,,,,,,,,,,,,
447,,AAPL,130.9199981689453,132.42999267578125,143.0,1.5099945068359375,1.1533719278603791,,,,,,,,,,,,,,,,,
448,,AAPL,132.0500030517578,129.19000244140625,144.0,-2.8600006103515625,-2.1658466825105394,,,,,,,,,,,,,,,,,
449,,AAPL,128.97999572753906,128.5,144.0,-0.4799957275390625,-0.37214742087061226,,,,,,,,,,,,,,,,,
450,,AAPL,128.8000030517578,128.75999450683594,144.0,-0.040008544921875,-0.031062534141243547,,,,,,,,,,,,,,,,,
451,,AAPL,130.88999938964844,130.8000030517578,141.0,-0.089996337890625,-0.06875722997195036,,,,,,,,,,,,,,,,,
452,,AAPL,128.91000366210938,128.77999877929688,144.0,-0.1300048828125,-0.10084933606336746,,,,,,,,,,,,,,,,,
453,,AAPL,127.13999938964844,127.77999877929688,145.0,0.6399993896484375,0.5033816208280911,,,,,,,,,,,,,,,,,
454,,AAPL,127.83000183105469,128.66000366210938,145.0,0.8300018310546875,0.6493012744783119,,,,,,,,,,,,,,,,,
455,,AAPL,132.02999877929688,133.8000030517578,142.0,1.7700042724609375,1.3406076564612412,,,,,,,,,,,,,,,,,
456,,AAPL,136.8699951171875,136.27999877929688,138.0,-0.589996337890625,-0.4310633147794538,,,,,,,,,,,,,,,,,
457,,AAPL,139.07000732421875,143.07000732421875,136.0,4.0,2.876249219340775,,,,,,,,,,,,,,,,,
458,,AAPL,142.9199981689453,143.60000610351562,136.0,0.6800079345703125,0.4757962099652962,,,,,,,,,,,,,,,,,
459,,AAPL,143.16000366210938,139.52000427246094,136.0,-3.6399993896484375,-2.5426091761213385,,,,,,,,,,,,,,,,,
460,,AAPL,137.08999633789062,135.8300018310547,139.0,-1.2599945068359375,-0.9191002556673674,,,,,,,,,,,,,,,,,
461,,AAPL,131.9600067138672,133.75,143.0,1.7899932861328125,1.3564665012590582,,,,,,,,,,,,,,,,,
462,,AAPL,134.13999938964844,135.72999572753906,142.0,1.589996337890625,1.1853260363241993,,,,,,,,,,,,,,,,,
463,,AAPL,134.99000549316406,135.75999450683594,143.0,0.769989013671875,0.5704044613220403,,,,,,,,,,,,,,,,,
464,,AAPL,133.94000244140625,136.3000030517578,145.0,2.3600006103515625,1.7619834010261233,,,,,,,,,,,,,,,,,
465,,AAPL,137.38999938964844,137.35000610351562,144.0,-0.0399932861328125,-0.02910931385870999,,,,,,,,,,,,,,,,,
466,,AAPL,136.75999450683594,136.02999877929688,144.0,-0.7299957275390625,-0.5337787049286359,,,,,,,,,,,,,,,,,
467,,AAPL,136.91000366210938,136.6199951171875,144.0,-0.290008544921875,-0.2118242182197359,,,,,,,,,,,,,,,,,
468,,AAPL,136.00999450683594,136.47999572753906,144.0,0.470001220703125,0.345563737729217,,,,,,,,,,,,,,,,,
469,,AAPL,135.38999938964844,135.89999389648438,145.0,0.5099945068359375,0.3766855078920477,,,,,,,,,,,,,,,,,
470,,AAPL,135.1300048828125,134.35000610351562,146.0,-0.779998779296875,-0.5772210102214573,,,,,,,,,,,,,,,,,
471,,AAPL,135.3699951171875,131.25,145.0,-4.1199951171875,-3.043506881728769,,,,,,,,,,,,,,,,,
472,,AAPL,130.83999633789062,129.1999969482422,146.0,-1.6399993896484375,-1.2534388837899268,,,,,,,,,,,,,,,,,
473,,AAPL,129.7100067138672,130.24000549316406,145.0,0.529998779296875,0.4086028462445629,,,,,,,,,,,,,,,,,
474,,AAPL,129.8699951171875,128.00999450683594,145.0,-1.8600006103515625,-1.432201956020096,,,,,,,,,,,,,,,,,
475,,AAPL,126.0,123.76000213623047,148.0,-2.2399978637695312,-1.7777760823567708,,,,,,,,,,,,,,,,,
476,,AAPL,125.86000061035156,124.94000244140625,145.0,-0.9199981689453125,-0.7309694616906316,,,,,,,,,,,,,,,,,
477,,AAPL,125.3499984741211,124.68000030517578,145.0,-0.6699981689453125,-0.5345019362594055,,,,,,,,,,,,,,,,,
478,,AAPL,120.98999786376953,122.58999633789062,149.0,1.5999984741210938,1.3224221029598129,,,,,,,,,,,,,,,,,
479,,MSFT,233.8699951171875,232.16000366210938,78.0,-1.709991455078125,-0.7311718009064322,,,,,,,,,,,,,,,,,
480,,MCD,205.82000732421875,205.75,88.0,-0.07000732421875,-0.0340138576073757,,,,,,,,,,,,,,,,,
481,,ABNB,179.80999755859375,184.99000549316406,101.0,5.1800079345703125,2.8808230937672588,,,,,,,,,,,,,,,,,
482,,PEP,133.22000122070312,133.1199951171875,140.0,-0.100006103515625,-0.0750683850767624,,,,,,,,,,,,,,,,,
483,,QCOM,129.97999572753906,132.88999938964844,144.0,2.910003662109375,2.238808861179881,,,,,,,,,,,,,,,,,
484,,AAPL,125.56999969482422,124.05000305175781,152.0,-1.5199966430664062,-1.2104775398267824,,,,,,,,,,,,,,,,,
485,,AAPL,124.76000213623047,122.87999725341797,151.0,-1.8800048828125,-1.5068971229734727,,,,,,,,,,,,,,,,,
486,,AAPL,120.52999877929688,119.9000015258789,154.0,-0.6299972534179688,-0.5226891726528266,,,,,,,,,,,,,,,,,
487,,AAPL,119.98999786376953,120.33000183105469,154.0,0.34000396728515625,0.2833602578034706,,,,,,,,,,,,,,,,,
488,,AAPL,123.38999938964844,123.33000183105469,150.0,-0.05999755859375,-0.04862432846302727,,,,,,,,,,,,,,,,,
489,,AAPL,122.54000091552734,122.81999969482422,151.0,0.279998779296875,0.22849581949154016,,,,,,,,,,,,,,,,,
490,,AAPL,120.08999633789062,119.54000091552734,154.0,-0.5499954223632812,-0.4579860430803823,,,,,,,,,,,,,,,,,
491,,AAPL,120.58999633789062,,,,,,,,,,,,,,,,,,,,,
