,BUYS,BUYS,BUYS,BUYS,SELLS,SELLS,SELLS,SELLS
,STOCK,SHARES,PRICE,TIME,STOCK,SHARES,PRICE,TIME
0,AAPL,117894,0.8482139706611633,"January 06, 2000 at 12:00:00 AM",AAPL,117894.0,0.861607015132904,"January 07, 2000 at 12:00:00 AM"
1,PEP,2699,37.625,"January 07, 2000 at 12:00:00 AM",PEP,2699.0,38.125,"January 10, 2000 at 12:00:00 AM"
2,AAPL,117933,0.872767984867096,"January 10, 2000 at 12:00:00 AM",AAPL,117933.0,0.892857015132904,"January 14, 2000 at 12:00:00 AM"
3,AAPL,117419,0.896763026714325,"January 14, 2000 at 12:00:00 AM",AAPL,117419.0,0.9017860293388367,"January 18, 2000 at 12:00:00 AM"
4,INTC,2073,51.0625,"January 18, 2000 at 12:00:00 AM",INTC,2073.0,52.1875,"February 04, 2000 at 12:00:00 AM"
5,AAPL,112227,0.9642860293388367,"February 04, 2000 at 12:00:00 AM",AAPL,112227.0,0.9642860293388367,"February 07, 2000 at 12:00:00 AM"
6,TTWO,13527,8.0,"February 07, 2000 at 12:00:00 AM",TTWO,13527.0,8.041666984558105,"February 08, 2000 at 12:00:00 AM"
7,AMD,5258,20.6875,"February 08, 2000 at 12:00:00 AM",AMD,5258.0,20.6875,"February 09, 2000 at 12:00:00 AM"
8,MSFT,2091,52.0,"February 09, 2000 at 12:00:00 AM",MSFT,2091.0,52.4375,"February 11, 2000 at 12:00:00 AM"
9,AAPL,112976,0.970982015132904,"February 11, 2000 at 12:00:00 AM",AAPL,112976.0,0.9760040044784546,"February 14, 2000 at 12:00:00 AM"
10,AAPL,103779,1.0625,"February 15, 2000 at 12:00:00 AM",AAPL,103779.0,1.1339290142059326,"March 02, 2000 at 12:00:00 AM"
11,MSFT,2520,46.6875,"March 02, 2000 at 12:00:00 AM",MSFT,2520.0,47.375,"March 03, 2000 at 12:00:00 AM"
12,TXN,1272,93.8125,"March 03, 2000 at 12:00:00 AM",TXN,1272.0,96.125,"March 06, 2000 at 12:00:00 AM"
13,AAPL,109027,1.1222100257873535,"March 06, 2000 at 12:00:00 AM",AAPL,109027.0,1.128906011581421,"March 07, 2000 at 12:00:00 AM"
14,TTWO,10292,11.958333015441895,"March 08, 2000 at 12:00:00 AM",TTWO,10292.0,12.25,"March 09, 2000 at 12:00:00 AM"
15,MSFT,2521,50.0,"March 09, 2000 at 12:00:00 AM",MSFT,2521.0,51.40625,"March 22, 2000 at 12:00:00 AM"
16,AAPL,100691,1.2873879671096802,"March 22, 2000 at 12:00:00 AM",AAPL,100691.0,0.7857139706611633,"May 26, 2000 at 12:00:00 AM"
17,AMD,1839,43.0,"May 30, 2000 at 12:00:00 AM",AMD,1839.0,45.0,"June 02, 2000 at 12:00:00 AM"
18,AAPL,100179,0.8264510035514832,"June 02, 2000 at 12:00:00 AM",AAPL,100179.0,0.8331469893455505,"June 05, 2000 at 12:00:00 AM"
19,QCOM,2423,34.4375,"June 06, 2000 at 12:00:00 AM",QCOM,2423.0,35.8125,"June 07, 2000 at 12:00:00 AM"
20,AAPL,100671,0.8621649742126465,"June 07, 2000 at 12:00:00 AM",AAPL,100671.0,0.8716520071029663,"June 08, 2000 at 12:00:00 AM"
21,TXN,1073,81.75,"June 08, 2000 at 12:00:00 AM",TXN,1073.0,83.625,"June 09, 2000 at 12:00:00 AM"
22,JNJ,2084,43.0625,"June 09, 2000 at 12:00:00 AM",JNJ,2084.0,43.375,"June 12, 2000 at 12:00:00 AM"
23,AMD,2114,42.75,"June 12, 2000 at 12:00:00 AM",AMD,2114.0,43.0,"June 13, 2000 at 12:00:00 AM"
24,PEP,2124,42.8125,"June 13, 2000 at 12:00:00 AM",PEP,2124.0,43.8125,"June 16, 2000 at 12:00:00 AM"
25,AAPL,114307,0.8141739964485168,"June 16, 2000 at 12:00:00 AM",AAPL,114307.0,0.8794639706611633,"June 20, 2000 at 12:00:00 AM"
26,AAPL,111202,0.904017984867096,"June 20, 2000 at 12:00:00 AM",AAPL,111202.0,0.9955360293388367,"June 22, 2000 at 12:00:00 AM"
27,QCOM,3244,34.125,"June 22, 2000 at 12:00:00 AM",QCOM,3244.0,35.78125,"June 23, 2000 at 12:00:00 AM"
28,PEP,2664,43.5625,"June 26, 2000 at 12:00:00 AM",PEP,2664.0,43.875,"July 03, 2000 at 12:00:00 AM"
29,MSFT,2922,40.0,"July 03, 2000 at 12:00:00 AM",MSFT,2922.0,40.6328125,"July 07, 2000 at 12:00:00 AM"
30,MSFT,2896,41.0,"July 07, 2000 at 12:00:00 AM",MSFT,2896.0,34.375,"September 12, 2000 at 12:00:00 AM"
31,AMD,3264,30.5,"September 12, 2000 at 12:00:00 AM",AMD,3264.0,21.8125,"November 15, 2000 at 12:00:00 AM"
32,MSFT,2033,35.03125,"November 15, 2000 at 12:00:00 AM",MSFT,2033.0,35.71875,"November 27, 2000 at 12:00:00 AM"
33,AAPL,217606,0.33370500802993774,"November 27, 2000 at 12:00:00 AM",AAPL,217606.0,0.33370500802993774,"November 28, 2000 at 12:00:00 AM"
34,PEP,1609,45.125,"November 28, 2000 at 12:00:00 AM",PEP,1609.0,45.125,"November 29, 2000 at 12:00:00 AM"
35,T,1315,55.1875,"November 29, 2000 at 12:00:00 AM",T,1315.0,49.599998474121094,"February 06, 2001 at 12:00:00 AM"
36,MSFT,2086,31.28125,"February 06, 2001 at 12:00:00 AM",MSFT,2086.0,31.875,"February 08, 2001 at 12:00:00 AM"
37,QCOM,1569,42.375,"February 08, 2001 at 12:00:00 AM",QCOM,1569.0,42.75,"February 13, 2001 at 12:00:00 AM"
38,AAPL,196463,0.34151801466941833,"February 13, 2001 at 12:00:00 AM",AAPL,196463.0,0.3515630066394806,"February 15, 2001 at 12:00:00 AM"
39,AAPL,192791,0.358258992433548,"February 15, 2001 at 12:00:00 AM",AAPL,192791.0,0.36997801065444946,"March 06, 2001 at 12:00:00 AM"
40,MSFT,2400,29.71875,"March 06, 2001 at 12:00:00 AM",MSFT,2400.0,29.9375,"March 07, 2001 at 12:00:00 AM"
41,T,1634,43.970001220703125,"March 07, 2001 at 12:00:00 AM",T,1634.0,44.400001525878906,"March 08, 2001 at 12:00:00 AM"
42,INTC,2182,33.25,"March 08, 2001 at 12:00:00 AM",INTC,2182.0,28.049999237060547,"May 14, 2001 at 12:00:00 AM"
43,SNE,794,77.08000183105469,"May 14, 2001 at 12:00:00 AM",SNE,794.0,79.0,"May 15, 2001 at 12:00:00 AM"
44,AAPL,151558,0.4139289855957031,"May 15, 2001 at 12:00:00 AM",AAPL,151558.0,0.4326789975166321,"May 17, 2001 at 12:00:00 AM"
45,AAPL,155934,0.42053601145744324,"May 17, 2001 at 12:00:00 AM",AAPL,155934.0,0.4285709857940674,"May 22, 2001 at 12:00:00 AM"
46,QCOM,1911,34.95500183105469,"May 22, 2001 at 12:00:00 AM",QCOM,1911.0,31.610000610351562,"July 27, 2001 at 12:00:00 AM"
47,AAPL,178505,0.3385710120201111,"July 27, 2001 at 12:00:00 AM",AAPL,178505.0,0.3414289951324463,"July 30, 2001 at 12:00:00 AM"
48,SNE,1313,46.400001525878906,"July 30, 2001 at 12:00:00 AM",SNE,1313.0,48.70000076293945,"July 31, 2001 at 12:00:00 AM"
49,MSFT,1932,33.095001220703125,"July 31, 2001 at 12:00:00 AM",MSFT,1932.0,33.400001525878906,"August 01, 2001 at 12:00:00 AM"
50,INTC,2099,30.75,"August 01, 2001 at 12:00:00 AM",INTC,2099.0,31.40999984741211,"August 02, 2001 at 12:00:00 AM"
51,AAPL,186312,0.3539290130138397,"August 02, 2001 at 12:00:00 AM",AAPL,186312.0,0.3091070055961609,"October 12, 2001 at 12:00:00 AM"
52,JNJ,1033,55.720001220703125,"October 15, 2001 at 12:00:00 AM",JNJ,1033.0,56.0,"October 16, 2001 at 12:00:00 AM"
53,PEP,1207,47.91999816894531,"October 16, 2001 at 12:00:00 AM",PEP,1207.0,48.22999954223633,"October 17, 2001 at 12:00:00 AM"
54,AMD,5999,9.710000038146973,"October 17, 2001 at 12:00:00 AM",AMD,5999.0,9.979999542236328,"October 18, 2001 at 12:00:00 AM"
55,AAPL,183219,0.32678601145744324,"October 19, 2001 at 12:00:00 AM",AAPL,183219.0,0.3414289951324463,"October 23, 2001 at 12:00:00 AM"
56,AMD,6475,9.65999984741211,"October 23, 2001 at 12:00:00 AM",AMD,6475.0,9.800000190734863,"October 24, 2001 at 12:00:00 AM"
57,AAPL,185196,0.3426789939403534,"October 25, 2001 at 12:00:00 AM",AAPL,185196.0,0.3474999964237213,"November 07, 2001 at 12:00:00 AM"
58,QCOM,2335,27.55500030517578,"November 07, 2001 at 12:00:00 AM",QCOM,2335.0,27.815000534057617,"November 08, 2001 at 12:00:00 AM"
59,AMD,5238,12.399999618530273,"November 08, 2001 at 12:00:00 AM",AMD,5238.0,13.0600004196167,"November 09, 2001 at 12:00:00 AM"
60,SNE,1719,39.79999923706055,"November 09, 2001 at 12:00:00 AM",SNE,1719.0,39.79999923706055,"November 12, 2001 at 12:00:00 AM"
61,AAPL,204348,0.3348209857940674,"November 12, 2001 at 12:00:00 AM",AAPL,204348.0,0.3407140076160431,"November 13, 2001 at 12:00:00 AM"
62,AMD,5100,13.649999618530273,"November 13, 2001 at 12:00:00 AM",AMD,5100.0,13.960000038146973,"November 14, 2001 at 12:00:00 AM"
63,PEP,1416,50.279998779296875,"November 14, 2001 at 12:00:00 AM",PEP,1416.0,50.279998779296875,"November 16, 2001 at 12:00:00 AM"
64,MSFT,2165,32.875,"November 16, 2001 at 12:00:00 AM",MSFT,2165.0,33.125,"November 19, 2001 at 12:00:00 AM"
65,TTWO,7361,9.74666690826416,"November 19, 2001 at 12:00:00 AM",TTWO,7361.0,9.800000190734863,"November 20, 2001 at 12:00:00 AM"
66,AAPL,206850,0.3487499952316284,"November 20, 2001 at 12:00:00 AM",AAPL,206850.0,0.35196399688720703,"November 23, 2001 at 12:00:00 AM"
67,AAPL,205494,0.35428598523139954,"November 23, 2001 at 12:00:00 AM",AAPL,205494.0,0.35607099533081055,"November 26, 2001 at 12:00:00 AM"
68,MSFT,2246,32.56999969482422,"November 26, 2001 at 12:00:00 AM",MSFT,2246.0,33.244998931884766,"December 05, 2001 at 12:00:00 AM"
69,AAPL,176029,0.42428600788116455,"December 05, 2001 at 12:00:00 AM",AAPL,176029.0,0.431428998708725,"January 31, 2002 at 12:00:00 AM"
70,AAPL,172041,0.4414289891719818,"January 31, 2002 at 12:00:00 AM",AAPL,172041.0,0.44803598523139954,"February 05, 2002 at 12:00:00 AM"
71,SNE,1846,41.75,"February 05, 2002 at 12:00:00 AM",SNE,1846.0,42.400001525878906,"February 07, 2002 at 12:00:00 AM"
72,QCOM,4003,19.55500030517578,"February 07, 2002 at 12:00:00 AM",QCOM,4003.0,19.75,"February 08, 2002 at 12:00:00 AM"
73,TXN,2610,30.290000915527344,"February 08, 2002 at 12:00:00 AM",TXN,2610.0,30.540000915527344,"February 11, 2002 at 12:00:00 AM"
74,MSFT,2608,30.565000534057617,"February 11, 2002 at 12:00:00 AM",MSFT,2608.0,31.0,"February 14, 2002 at 12:00:00 AM"
75,MSFT,2621,30.84000015258789,"February 14, 2002 at 12:00:00 AM",MSFT,2621.0,31.5,"March 05, 2002 at 12:00:00 AM"
76,MCD,2989,27.6200008392334,"March 05, 2002 at 12:00:00 AM",MCD,2989.0,27.84000015258789,"March 06, 2002 at 12:00:00 AM"
77,AAPL,191189,0.435357004404068,"March 07, 2002 at 12:00:00 AM",AAPL,191189.0,0.441785991191864,"March 08, 2002 at 12:00:00 AM"
78,TXN,2365,35.709999084472656,"March 08, 2002 at 12:00:00 AM",TXN,2365.0,32.0,"May 14, 2002 at 12:00:00 AM"
79,AAPL,165508,0.4573209881782532,"May 14, 2002 at 12:00:00 AM",AAPL,165508.0,0.26249998807907104,"July 19, 2002 at 12:00:00 AM"
80,QCOM,2897,14.994999885559082,"July 19, 2002 at 12:00:00 AM",QCOM,2897.0,15.074999809265137,"August 27, 2002 at 12:00:00 AM"
81,QCOM,3056,14.289999961853027,"August 27, 2002 at 12:00:00 AM",QCOM,3056.0,14.725000381469727,"September 10, 2002 at 12:00:00 AM"
82,AAPL,175883,0.2558929920196533,"September 10, 2002 at 12:00:00 AM",AAPL,175883.0,0.2601790130138397,"September 17, 2002 at 12:00:00 AM"
83,T,1883,24.299999237060547,"September 17, 2002 at 12:00:00 AM",T,1883.0,24.299999237060547,"September 18, 2002 at 12:00:00 AM"
84,MSFT,1939,23.600000381469727,"September 19, 2002 at 12:00:00 AM",MSFT,1939.0,23.854999542236328,"September 20, 2002 at 12:00:00 AM"
85,QCOM,3294,14.039999961853027,"September 20, 2002 at 12:00:00 AM",QCOM,3294.0,14.119999885559082,"September 25, 2002 at 12:00:00 AM"
86,MSFT,2000,23.2549991607666,"September 25, 2002 at 12:00:00 AM",MSFT,2000.0,23.55500030517578,"September 26, 2002 at 12:00:00 AM"
87,PEP,1259,37.400001525878906,"September 26, 2002 at 12:00:00 AM",PEP,1259.0,37.400001525878906,"September 27, 2002 at 12:00:00 AM"
88,AMD,8208,5.739999771118164,"September 27, 2002 at 12:00:00 AM",AMD,8208.0,6.150000095367432,"October 24, 2002 at 12:00:00 AM"
89,AMD,8527,5.920000076293945,"October 24, 2002 at 12:00:00 AM",AMD,8527.0,6.429999828338623,"October 28, 2002 at 12:00:00 AM"
90,AAPL,196711,0.2787500023841858,"October 28, 2002 at 12:00:00 AM",AAPL,196711.0,0.285535991191864,"October 31, 2002 at 12:00:00 AM"
91,AAPL,195732,0.2869639992713928,"October 31, 2002 at 12:00:00 AM",AAPL,195732.0,0.29464301466941833,"November 04, 2002 at 12:00:00 AM"
92,AMD,8569,6.730000019073486,"November 04, 2002 at 12:00:00 AM",AMD,8569.0,6.960000038146973,"November 06, 2002 at 12:00:00 AM"
93,MSFT,2091,28.514999389648438,"November 06, 2002 at 12:00:00 AM",MSFT,2091.0,28.725000381469727,"November 22, 2002 at 12:00:00 AM"
94,PEP,1448,41.47999954223633,"November 25, 2002 at 12:00:00 AM",PEP,1448.0,42.099998474121094,"November 29, 2002 at 12:00:00 AM"
95,AAPL,220310,0.2767859995365143,"November 29, 2002 at 12:00:00 AM",AAPL,220310.0,0.2839289903640747,"December 02, 2002 at 12:00:00 AM"
96,QCOM,3065,20.405000686645508,"December 03, 2002 at 12:00:00 AM",QCOM,3065.0,18.25,"February 10, 2003 at 12:00:00 AM"
97,AAPL,218331,0.2562499940395355,"February 11, 2003 at 12:00:00 AM",AAPL,218331.0,0.26089298725128174,"February 14, 2003 at 12:00:00 AM"
98,MSFT,2358,24.149999618530273,"February 14, 2003 at 12:00:00 AM",MSFT,2358.0,24.6200008392334,"February 18, 2003 at 12:00:00 AM"
99,QCOM,3281,17.69499969482422,"February 18, 2003 at 12:00:00 AM",QCOM,3281.0,17.93000030517578,"March 13, 2003 at 12:00:00 AM"
100,AAPL,223849,0.26285699009895325,"March 13, 2003 at 12:00:00 AM",AAPL,223849.0,0.26589301228523254,"March 17, 2003 at 12:00:00 AM"
101,QCOM,3032,19.625,"March 18, 2003 at 12:00:00 AM",QCOM,3032.0,19.75,"March 21, 2003 at 12:00:00 AM"
102,INTC,3165,18.920000076293945,"March 21, 2003 at 12:00:00 AM",INTC,3165.0,19.049999237060547,"April 23, 2003 at 12:00:00 AM"
103,MSFT,2344,25.719999313354492,"April 23, 2003 at 12:00:00 AM",MSFT,2344.0,25.950000762939453,"April 29, 2003 at 12:00:00 AM"
104,AAPL,242360,0.2510710060596466,"April 29, 2003 at 12:00:00 AM",AAPL,242360.0,0.2544640004634857,"May 01, 2003 at 12:00:00 AM"
105,T,2648,23.290000915527344,"May 01, 2003 at 12:00:00 AM",T,2648.0,23.5,"May 02, 2003 at 12:00:00 AM"
106,MSFT,2384,26.100000381469727,"May 02, 2003 at 12:00:00 AM",MSFT,2384.0,26.25,"May 05, 2003 at 12:00:00 AM"
107,AMD,8267,7.570000171661377,"May 05, 2003 at 12:00:00 AM",AMD,8267.0,7.639999866485596,"May 07, 2003 at 12:00:00 AM"
108,MSFT,2430,25.989999771118164,"May 07, 2003 at 12:00:00 AM",MSFT,2430.0,26.149999618530273,"May 12, 2003 at 12:00:00 AM"
109,MSFT,2425,26.200000762939453,"May 12, 2003 at 12:00:00 AM",MSFT,2425.0,26.34000015258789,"June 20, 2003 at 12:00:00 AM"
110,T,2454,26.030000686645508,"June 23, 2003 at 12:00:00 AM",T,2454.0,26.399999618530273,"June 25, 2003 at 12:00:00 AM"
111,MSFT,2565,25.260000228881836,"June 25, 2003 at 12:00:00 AM",MSFT,2565.0,25.389999389648438,"June 26, 2003 at 12:00:00 AM"
112,AAPL,189088,0.3444640040397644,"June 26, 2003 at 12:00:00 AM",AAPL,189088.0,0.3485710024833679,"July 08, 2003 at 12:00:00 AM"
113,MSFT,2379,27.700000762939453,"July 08, 2003 at 12:00:00 AM",MSFT,2379.0,28.100000381469727,"September 04, 2003 at 12:00:00 AM"
114,TTWO,2753,24.280000686645508,"September 04, 2003 at 12:00:00 AM",TTWO,2753.0,24.453332901000977,"September 08, 2003 at 12:00:00 AM"
115,TTWO,2690,25.02666664123535,"September 08, 2003 at 12:00:00 AM",TTWO,2690.0,26.386667251586914,"October 06, 2003 at 12:00:00 AM"
116,AAPL,178370,0.39803600311279297,"October 06, 2003 at 12:00:00 AM",AAPL,178370.0,0.4151790142059326,"October 08, 2003 at 12:00:00 AM"
117,INTC,2495,29.670000076293945,"October 08, 2003 at 12:00:00 AM",INTC,2495.0,30.15999984741211,"October 10, 2003 at 12:00:00 AM"
118,AAPL,178022,0.42285698652267456,"October 10, 2003 at 12:00:00 AM",AAPL,178022.0,0.4342859983444214,"October 14, 2003 at 12:00:00 AM"
119,AMD,5672,13.630000114440918,"October 14, 2003 at 12:00:00 AM",AMD,5672.0,14.210000038146973,"October 15, 2003 at 12:00:00 AM"
120,MSFT,2772,29.06999969482422,"October 15, 2003 at 12:00:00 AM",MSFT,2772.0,29.280000686645508,"October 17, 2003 at 12:00:00 AM"
121,MSFT,2806,28.93000030517578,"October 17, 2003 at 12:00:00 AM",MSFT,2806.0,29.350000381469727,"October 21, 2003 at 12:00:00 AM"
122,AAPL,198979,0.4139289855957031,"October 21, 2003 at 12:00:00 AM",AAPL,198979.0,0.41982099413871765,"October 29, 2003 at 12:00:00 AM"
123,AAPL,197466,0.42303600907325745,"October 29, 2003 at 12:00:00 AM",AAPL,197466.0,0.42839300632476807,"October 30, 2003 at 12:00:00 AM"
124,TTWO,3184,26.566667556762695,"October 30, 2003 at 12:00:00 AM",TTWO,3184.0,26.799999237060547,"November 07, 2003 at 12:00:00 AM"
125,PEP,1796,47.4900016784668,"November 07, 2003 at 12:00:00 AM",PEP,1796.0,47.900001525878906,"November 12, 2003 at 12:00:00 AM"
126,INTC,2524,34.099998474121094,"November 12, 2003 at 12:00:00 AM",INTC,2524.0,34.33000183105469,"January 13, 2004 at 12:00:00 AM"
127,AAPL,201185,0.4307140111923218,"January 13, 2004 at 12:00:00 AM",AAPL,201185.0,0.4357140064239502,"January 14, 2004 at 12:00:00 AM"
128,MSFT,3182,27.540000915527344,"January 15, 2004 at 12:00:00 AM",MSFT,3182.0,27.709999084472656,"January 16, 2004 at 12:00:00 AM"
129,AMD,5262,16.760000228881836,"January 16, 2004 at 12:00:00 AM",AMD,5262.0,17.239999771118164,"January 20, 2004 at 12:00:00 AM"
130,MSFT,3228,28.100000381469727,"January 20, 2004 at 12:00:00 AM",MSFT,3228.0,28.360000610351562,"January 22, 2004 at 12:00:00 AM"
131,QCOM,3206,28.55500030517578,"January 22, 2004 at 12:00:00 AM",QCOM,3206.0,28.735000610351562,"January 23, 2004 at 12:00:00 AM"
132,T,3487,26.420000076293945,"January 23, 2004 at 12:00:00 AM",T,3487.0,26.420000076293945,"January 26, 2004 at 12:00:00 AM"
133,AAPL,224248,0.4108929932117462,"January 26, 2004 at 12:00:00 AM",AAPL,224248.0,0.42160698771476746,"February 12, 2004 at 12:00:00 AM"
134,INTC,3075,30.739999771118164,"February 12, 2004 at 12:00:00 AM",INTC,3075.0,31.0,"February 13, 2004 at 12:00:00 AM"
135,SNE,2250,42.36000061035156,"February 17, 2004 at 12:00:00 AM",SNE,2250.0,42.779998779296875,"February 19, 2004 at 12:00:00 AM"
136,AMD,6432,14.970000267028809,"February 19, 2004 at 12:00:00 AM",AMD,6432.0,14.970000267028809,"February 20, 2004 at 12:00:00 AM"
137,QCOM,3084,31.21500015258789,"February 23, 2004 at 12:00:00 AM",QCOM,3084.0,31.950000762939453,"February 27, 2004 at 12:00:00 AM"
138,MSFT,3691,26.700000762939453,"March 01, 2004 at 12:00:00 AM",MSFT,3691.0,27.399999618530273,"April 23, 2004 at 12:00:00 AM"
139,QCOM,3019,33.4900016784668,"April 23, 2004 at 12:00:00 AM",QCOM,3019.0,34.08000183105469,"June 02, 2004 at 12:00:00 AM"
140,AAPL,199293,0.5164290070533752,"June 02, 2004 at 12:00:00 AM",AAPL,199293.0,0.535535991191864,"June 08, 2004 at 12:00:00 AM"
141,MSFT,4012,26.600000381469727,"June 08, 2004 at 12:00:00 AM",MSFT,4012.0,26.989999771118164,"June 15, 2004 at 12:00:00 AM"
142,AAPL,185230,0.5846430063247681,"June 16, 2004 at 12:00:00 AM",AAPL,185230.0,0.5914289951324463,"June 21, 2004 at 12:00:00 AM"
143,AMD,7769,14.100000381469727,"June 21, 2004 at 12:00:00 AM",AMD,7769.0,14.880000114440918,"June 23, 2004 at 12:00:00 AM"
144,AAPL,192112,0.6017860174179077,"June 23, 2004 at 12:00:00 AM",AAPL,192112.0,0.6103569865226746,"June 28, 2004 at 12:00:00 AM"
145,AAPL,202104,0.58017897605896,"June 28, 2004 at 12:00:00 AM",AAPL,202104.0,0.5832139849662781,"July 15, 2004 at 12:00:00 AM"
146,AAPL,200447,0.5880360007286072,"July 15, 2004 at 12:00:00 AM",AAPL,200447.0,0.6192860007286072,"August 27, 2004 at 12:00:00 AM"
147,PEP,2519,49.27000045776367,"August 27, 2004 at 12:00:00 AM",PEP,2519.0,50.060001373291016,"September 01, 2004 at 12:00:00 AM"
148,MSFT,4604,27.389999389648438,"September 01, 2004 at 12:00:00 AM",MSFT,4604.0,27.530000686645508,"September 13, 2004 at 12:00:00 AM"
149,AAPL,199467,0.6355360150337219,"September 13, 2004 at 12:00:00 AM",AAPL,199467.0,0.6526790261268616,"September 17, 2004 at 12:00:00 AM"
150,AAPL,196299,0.6632140278816223,"September 17, 2004 at 12:00:00 AM",AAPL,196299.0,0.674107015132904,"September 21, 2004 at 12:00:00 AM"
151,TTWO,5643,23.446666717529297,"September 21, 2004 at 12:00:00 AM",TTWO,5643.0,22.366666793823242,"November 24, 2004 at 12:00:00 AM"
152,MSFT,4738,26.639999389648438,"November 24, 2004 at 12:00:00 AM",MSFT,4738.0,26.639999389648438,"November 29, 2004 at 12:00:00 AM"
153,PEP,2502,50.45000076293945,"November 29, 2004 at 12:00:00 AM",PEP,2502.0,51.630001068115234,"December 03, 2004 at 12:00:00 AM"
154,MSFT,4726,27.329999923706055,"December 06, 2004 at 12:00:00 AM",MSFT,4726.0,26.100000381469727,"February 10, 2005 at 12:00:00 AM"
155,INTC,5104,24.170000076293945,"February 11, 2005 at 12:00:00 AM",INTC,5104.0,24.309999465942383,"February 16, 2005 at 12:00:00 AM"
156,PEP,2275,54.540000915527344,"February 16, 2005 at 12:00:00 AM",PEP,2275.0,55.0,"April 15, 2005 at 12:00:00 AM"
157,QCOM,3827,32.689998626708984,"April 15, 2005 at 12:00:00 AM",QCOM,3827.0,33.0,"April 20, 2005 at 12:00:00 AM"
158,INTC,5574,22.65999984741211,"April 20, 2005 at 12:00:00 AM",INTC,5574.0,22.979999542236328,"April 21, 2005 at 12:00:00 AM"
159,AAPL,101038,1.2678569555282593,"April 22, 2005 at 12:00:00 AM",AAPL,101038.0,1.3032139539718628,"April 25, 2005 at 12:00:00 AM"
160,JNJ,1921,68.54000091552734,"April 25, 2005 at 12:00:00 AM",JNJ,1921.0,65.94999694824219,"June 29, 2005 at 12:00:00 AM"
161,AMD,7294,17.3700008392334,"June 29, 2005 at 12:00:00 AM",AMD,7294.0,17.5,"June 30, 2005 at 12:00:00 AM"
162,T,5374,23.75,"June 30, 2005 at 12:00:00 AM",T,5374.0,23.8799991607666,"July 01, 2005 at 12:00:00 AM"
163,AAPL,98457,1.3035709857940674,"July 01, 2005 at 12:00:00 AM",AAPL,98457.0,1.3467860221862793,"July 06, 2005 at 12:00:00 AM"
164,AAPL,99300,1.3353569507598877,"July 06, 2005 at 12:00:00 AM",AAPL,99300.0,1.3524999618530273,"July 08, 2005 at 12:00:00 AM"
165,AAPL,98313,1.3660709857940674,"July 08, 2005 at 12:00:00 AM",AAPL,98313.0,1.456786036491394,"July 14, 2005 at 12:00:00 AM"
166,PEP,2583,55.439998626708984,"July 14, 2005 at 12:00:00 AM",PEP,2583.0,55.900001525878906,"September 16, 2005 at 12:00:00 AM"
167,PEP,2578,56.0,"September 16, 2005 at 12:00:00 AM",PEP,2578.0,56.400001525878906,"September 29, 2005 at 12:00:00 AM"
168,MSFT,5606,25.940000534057617,"September 29, 2005 at 12:00:00 AM",MSFT,5606.0,26.600000381469727,"November 03, 2005 at 12:00:00 AM"
169,QCOM,3388,44.02000045776367,"November 03, 2005 at 12:00:00 AM",QCOM,3388.0,44.40999984741211,"November 04, 2005 at 12:00:00 AM"
170,MSFT,5570,27.010000228881836,"November 07, 2005 at 12:00:00 AM",MSFT,5570.0,27.149999618530273,"November 11, 2005 at 12:00:00 AM"
171,MSFT,5544,27.280000686645508,"November 11, 2005 at 12:00:00 AM",MSFT,5544.0,27.479999542236328,"November 16, 2005 at 12:00:00 AM"
172,AAPL,65678,2.319643020629883,"November 16, 2005 at 12:00:00 AM",AAPL,65678.0,2.3424999713897705,"November 17, 2005 at 12:00:00 AM"
173,AMD,5942,25.889999389648438,"November 17, 2005 at 12:00:00 AM",AMD,5942.0,26.25,"November 18, 2005 at 12:00:00 AM"
174,QCOM,3396,45.93000030517578,"November 18, 2005 at 12:00:00 AM",QCOM,3396.0,46.15999984741211,"November 25, 2005 at 12:00:00 AM"
175,JNJ,2522,62.150001525878906,"November 25, 2005 at 12:00:00 AM",JNJ,2522.0,62.75,"November 28, 2005 at 12:00:00 AM"
176,QCOM,3438,46.040000915527344,"November 28, 2005 at 12:00:00 AM",QCOM,3438.0,46.540000915527344,"December 15, 2005 at 12:00:00 AM"
177,MSFT,5943,26.920000076293945,"December 15, 2005 at 12:00:00 AM",MSFT,5943.0,27.25,"January 12, 2006 at 12:00:00 AM"
178,INTC,6236,25.969999313354492,"January 12, 2006 at 12:00:00 AM",INTC,6236.0,19.780000686645508,"March 21, 2006 at 12:00:00 AM"
179,AMD,3582,34.439998626708984,"March 21, 2006 at 12:00:00 AM",AMD,3582.0,35.04999923706055,"March 23, 2006 at 12:00:00 AM"
180,MSFT,4675,26.850000381469727,"March 23, 2006 at 12:00:00 AM",MSFT,4675.0,27.010000228881836,"March 27, 2006 at 12:00:00 AM"
181,MSFT,4675,27.010000228881836,"March 27, 2006 at 12:00:00 AM",MSFT,4675.0,27.010000228881836,"March 28, 2006 at 12:00:00 AM"
182,QCOM,2558,49.36000061035156,"March 28, 2006 at 12:00:00 AM",QCOM,2558.0,49.619998931884766,"March 29, 2006 at 12:00:00 AM"
183,AAPL,56652,2.2410709857940674,"March 30, 2006 at 12:00:00 AM",AAPL,56652.0,2.2589290142059326,"March 31, 2006 at 12:00:00 AM"
184,JNJ,2161,59.220001220703125,"March 31, 2006 at 12:00:00 AM",JNJ,2161.0,59.959999084472656,"May 16, 2006 at 12:00:00 AM"
185,AAPL,55833,2.320713996887207,"May 16, 2006 at 12:00:00 AM",AAPL,55833.0,2.3457140922546387,"May 18, 2006 at 12:00:00 AM"
186,AAPL,58043,2.2564289569854736,"May 18, 2006 at 12:00:00 AM",AAPL,58043.0,2.2810709476470947,"May 22, 2006 at 12:00:00 AM"
187,AAPL,58491,2.26357102394104,"May 22, 2006 at 12:00:00 AM",AAPL,58491.0,2.3164288997650146,"May 23, 2006 at 12:00:00 AM"
188,MSFT,5945,22.790000915527344,"May 23, 2006 at 12:00:00 AM",MSFT,5945.0,22.989999771118164,"May 24, 2006 at 12:00:00 AM"
189,T,5368,25.459999084472656,"May 24, 2006 at 12:00:00 AM",T,5368.0,25.860000610351562,"May 26, 2006 at 12:00:00 AM"
190,INTC,7619,18.219999313354492,"May 26, 2006 at 12:00:00 AM",INTC,7619.0,18.510000228881836,"June 19, 2006 at 12:00:00 AM"
191,TTWO,10717,13.15999984741211,"June 20, 2006 at 12:00:00 AM",TTWO,10717.0,12.670000076293945,"August 24, 2006 at 12:00:00 AM"
192,MSFT,5275,25.739999771118164,"August 24, 2006 at 12:00:00 AM",MSFT,5275.0,25.920000076293945,"August 29, 2006 at 12:00:00 AM"
193,MCD,3789,36.08000183105469,"August 29, 2006 at 12:00:00 AM",MCD,3789.0,36.54999923706055,"September 05, 2006 at 12:00:00 AM"
194,QCOM,3534,39.189998626708984,"September 05, 2006 at 12:00:00 AM",QCOM,3534.0,39.70000076293945,"October 16, 2006 at 12:00:00 AM"
195,AAPL,52886,2.6532139778137207,"October 17, 2006 at 12:00:00 AM",AAPL,52886.0,2.669642925262451,"October 18, 2006 at 12:00:00 AM"
196,MSFT,4950,28.520000457763672,"October 18, 2006 at 12:00:00 AM",MSFT,4950.0,28.780000686645508,"November 01, 2006 at 12:00:00 AM"
197,T,4220,33.7599983215332,"November 01, 2006 at 12:00:00 AM",T,4220.0,33.95000076293945,"November 02, 2006 at 12:00:00 AM"
198,TTWO,10190,14.0600004196167,"November 02, 2006 at 12:00:00 AM",TTWO,10190.0,14.430000305175781,"November 03, 2006 at 12:00:00 AM"
199,AAPL,52590,2.7960710525512695,"November 03, 2006 at 12:00:00 AM",AAPL,52590.0,2.819643020629883,"November 06, 2006 at 12:00:00 AM"
200,TTWO,10184,14.5600004196167,"November 06, 2006 at 12:00:00 AM",TTWO,10184.0,14.970000267028809,"November 08, 2006 at 12:00:00 AM"
201,QCOM,4202,36.279998779296875,"November 08, 2006 at 12:00:00 AM",QCOM,4202.0,37.529998779296875,"November 15, 2006 at 12:00:00 AM"
202,PEP,2575,61.2400016784668,"November 15, 2006 at 12:00:00 AM",PEP,2575.0,61.79999923706055,"November 17, 2006 at 12:00:00 AM"
203,AAPL,51908,3.066071033477783,"November 17, 2006 at 12:00:00 AM",AAPL,51908.0,3.122143030166626,"November 21, 2006 at 12:00:00 AM"
204,AMD,7630,21.239999771118164,"November 21, 2006 at 12:00:00 AM",AMD,7630.0,21.549999237060547,"November 22, 2006 at 12:00:00 AM"
205,QCOM,4402,37.349998474121094,"November 22, 2006 at 12:00:00 AM",QCOM,4402.0,37.75,"December 05, 2006 at 12:00:00 AM"
206,MSFT,5705,29.1299991607666,"December 05, 2006 at 12:00:00 AM",MSFT,5705.0,29.559999465942383,"December 12, 2006 at 12:00:00 AM"
207,SNE,4112,41.0099983215332,"December 12, 2006 at 12:00:00 AM",SNE,4112.0,41.540000915527344,"December 13, 2006 at 12:00:00 AM"
208,QCOM,4445,38.43000030517578,"December 13, 2006 at 12:00:00 AM",QCOM,4445.0,39.599998474121094,"December 15, 2006 at 12:00:00 AM"
209,MSFT,5830,30.190000534057617,"December 15, 2006 at 12:00:00 AM",MSFT,5830.0,30.190000534057617,"December 18, 2006 at 12:00:00 AM"
210,PEP,2790,63.06999969482422,"December 18, 2006 at 12:00:00 AM",PEP,2790.0,63.06999969482422,"December 27, 2006 at 12:00:00 AM"
211,MSFT,5863,30.020000457763672,"December 27, 2006 at 12:00:00 AM",MSFT,5863.0,30.649999618530273,"January 12, 2007 at 12:00:00 AM"
212,MSFT,5758,31.209999084472656,"January 12, 2007 at 12:00:00 AM",MSFT,5758.0,27.899999618530273,"March 21, 2007 at 12:00:00 AM"
213,QCOM,3673,43.72999954223633,"March 21, 2007 at 12:00:00 AM",QCOM,3673.0,44.599998474121094,"April 25, 2007 at 12:00:00 AM"
214,QCOM,3613,45.34000015258789,"April 25, 2007 at 12:00:00 AM",QCOM,3613.0,46.20000076293945,"April 26, 2007 at 12:00:00 AM"
215,AAPL,47298,3.5299999713897705,"April 26, 2007 at 12:00:00 AM",AAPL,47298.0,3.5746428966522217,"April 30, 2007 at 12:00:00 AM"
216,AAPL,47435,3.56428599357605,"April 30, 2007 at 12:00:00 AM",AAPL,47435.0,3.5975000858306885,"May 03, 2007 at 12:00:00 AM"
217,AAPL,47591,3.585714101791382,"May 03, 2007 at 12:00:00 AM",AAPL,47591.0,3.609999895095825,"May 07, 2007 at 12:00:00 AM"
218,AAPL,46291,3.7114291191101074,"May 07, 2007 at 12:00:00 AM",AAPL,46291.0,3.746786117553711,"May 09, 2007 at 12:00:00 AM"
219,QCOM,3917,44.27000045776367,"May 09, 2007 at 12:00:00 AM",QCOM,3917.0,44.970001220703125,"May 14, 2007 at 12:00:00 AM"
220,MSFT,5688,30.969999313354492,"May 14, 2007 at 12:00:00 AM",MSFT,5688.0,30.969999313354492,"May 18, 2007 at 12:00:00 AM"
221,AAPL,44839,3.929286003112793,"May 18, 2007 at 12:00:00 AM",AAPL,44839.0,4.017499923706055,"May 22, 2007 at 12:00:00 AM"
222,AAPL,44424,4.054999828338623,"May 22, 2007 at 12:00:00 AM",AAPL,44424.0,4.087500095367432,"May 29, 2007 at 12:00:00 AM"
223,AAPL,44463,4.083929061889648,"May 29, 2007 at 12:00:00 AM",AAPL,44463.0,4.288214206695557,"May 31, 2007 at 12:00:00 AM"
224,AAPL,44052,4.328214168548584,"May 31, 2007 at 12:00:00 AM",AAPL,44052.0,4.367856979370117,"June 06, 2007 at 12:00:00 AM"
225,QCOM,4556,42.22999954223633,"June 06, 2007 at 12:00:00 AM",QCOM,4556.0,42.709999084472656,"June 14, 2007 at 12:00:00 AM"
226,MSFT,6376,30.520000457763672,"June 14, 2007 at 12:00:00 AM",MSFT,6376.0,30.860000610351562,"June 15, 2007 at 12:00:00 AM"
227,AAPL,45722,4.3035712242126465,"June 15, 2007 at 12:00:00 AM",AAPL,45722.0,4.402856826782227,"June 18, 2007 at 12:00:00 AM"
228,TMUS,2825,71.23999786376953,"June 18, 2007 at 12:00:00 AM",TMUS,2825.0,71.5999984741211,"June 19, 2007 at 12:00:00 AM"
229,AAPL,45811,4.416429042816162,"June 19, 2007 at 12:00:00 AM",AAPL,45811.0,4.599999904632568,"July 05, 2007 at 12:00:00 AM"
230,PEP,3197,65.91000366210938,"July 05, 2007 at 12:00:00 AM",PEP,3197.0,66.26000213623047,"July 12, 2007 at 12:00:00 AM"
231,MSFT,7045,30.06999969482422,"July 12, 2007 at 12:00:00 AM",MSFT,7045.0,30.510000228881836,"July 18, 2007 at 12:00:00 AM"
232,AAPL,43575,4.932857036590576,"July 18, 2007 at 12:00:00 AM",AAPL,43575.0,5.010714054107666,"July 19, 2007 at 12:00:00 AM"
233,QCOM,5036,43.349998474121094,"July 19, 2007 at 12:00:00 AM",QCOM,5036.0,43.869998931884766,"July 20, 2007 at 12:00:00 AM"
234,JNJ,3576,61.790000915527344,"July 20, 2007 at 12:00:00 AM",JNJ,3576.0,62.4900016784668,"August 17, 2007 at 12:00:00 AM"
235,AAPL,51262,4.359285831451416,"August 17, 2007 at 12:00:00 AM",AAPL,51262.0,4.427143096923828,"August 20, 2007 at 12:00:00 AM"
236,MSFT,8030,28.260000228881836,"August 20, 2007 at 12:00:00 AM",MSFT,8030.0,28.610000610351562,"August 27, 2007 at 12:00:00 AM"
237,AAPL,48644,4.723214149475098,"August 27, 2007 at 12:00:00 AM",AAPL,48644.0,4.981785774230957,"August 31, 2007 at 12:00:00 AM"
238,TTWO,14803,16.3700008392334,"September 04, 2007 at 12:00:00 AM",TTWO,14803.0,16.93000030517578,"September 11, 2007 at 12:00:00 AM"
239,AMD,19323,12.970000267028809,"September 11, 2007 at 12:00:00 AM",AMD,19323.0,13.40999984741211,"September 19, 2007 at 12:00:00 AM"
240,AAPL,51541,5.027500152587891,"September 19, 2007 at 12:00:00 AM",AAPL,51541.0,5.240356922149658,"September 24, 2007 at 12:00:00 AM"
241,TTWO,15822,17.06999969482422,"September 24, 2007 at 12:00:00 AM",TTWO,15822.0,17.479999542236328,"September 27, 2007 at 12:00:00 AM"
242,MCD,5069,54.560001373291016,"September 27, 2007 at 12:00:00 AM",MCD,5069.0,56.36000061035156,"October 02, 2007 at 12:00:00 AM"
243,MSFT,9619,29.700000762939453,"October 02, 2007 at 12:00:00 AM",MSFT,9619.0,29.889999389648438,"October 05, 2007 at 12:00:00 AM"
244,MSFT,9635,29.84000015258789,"October 05, 2007 at 12:00:00 AM",MSFT,9635.0,30.030000686645508,"October 09, 2007 at 12:00:00 AM"
245,MSFT,9613,30.100000381469727,"October 09, 2007 at 12:00:00 AM",MSFT,9613.0,30.299999237060547,"October 11, 2007 at 12:00:00 AM"
246,PEP,4058,71.7699966430664,"October 11, 2007 at 12:00:00 AM",PEP,4058.0,72.45999908447266,"October 26, 2007 at 12:00:00 AM"
247,SNE,5975,49.220001220703125,"October 26, 2007 at 12:00:00 AM",SNE,5975.0,49.869998931884766,"October 29, 2007 at 12:00:00 AM"
248,QCOM,7157,41.630001068115234,"October 29, 2007 at 12:00:00 AM",QCOM,7157.0,41.959999084472656,"October 31, 2007 at 12:00:00 AM"
249,AAPL,44271,6.783928871154785,"October 31, 2007 at 12:00:00 AM",AAPL,44271.0,6.913928985595703,"December 10, 2007 at 12:00:00 AM"
250,TXN,9369,32.66999816894531,"December 10, 2007 at 12:00:00 AM",TXN,9369.0,34.06999969482422,"December 11, 2007 at 12:00:00 AM"
251,MSFT,9360,34.099998474121094,"December 11, 2007 at 12:00:00 AM",MSFT,9360.0,34.61000061035156,"December 12, 2007 at 12:00:00 AM"
252,CSCO,11249,28.799999237060547,"December 12, 2007 at 12:00:00 AM",CSCO,11249.0,28.989999771118164,"December 14, 2007 at 12:00:00 AM"
253,AAPL,47961,6.799643039703369,"December 14, 2007 at 12:00:00 AM",AAPL,47961.0,6.965356826782227,"December 24, 2007 at 12:00:00 AM"
254,QCOM,8287,40.310001373291016,"December 24, 2007 at 12:00:00 AM",QCOM,8287.0,40.61000061035156,"January 29, 2008 at 12:00:00 AM"
255,AAPL,71639,4.697856903076172,"January 29, 2008 at 12:00:00 AM",AAPL,71639.0,4.865714073181152,"February 01, 2008 at 12:00:00 AM"
256,MSFT,11447,30.450000762939453,"February 01, 2008 at 12:00:00 AM",MSFT,11447.0,28.719999313354492,"April 09, 2008 at 12:00:00 AM"
257,QCOM,7920,41.5099983215332,"April 09, 2008 at 12:00:00 AM",QCOM,7920.0,42.04999923706055,"April 11, 2008 at 12:00:00 AM"
258,AAPL,63377,5.255000114440918,"April 11, 2008 at 12:00:00 AM",AAPL,63377.0,5.335713863372803,"April 15, 2008 at 12:00:00 AM"
259,AAPL,63813,5.299285888671875,"April 15, 2008 at 12:00:00 AM",AAPL,63813.0,5.4185709953308105,"April 16, 2008 at 12:00:00 AM"
260,MSFT,11943,28.950000762939453,"April 16, 2008 at 12:00:00 AM",MSFT,11943.0,29.1200008392334,"April 17, 2008 at 12:00:00 AM"
261,AAPL,63037,5.517499923706055,"April 17, 2008 at 12:00:00 AM",AAPL,63037.0,5.682857036590576,"April 18, 2008 at 12:00:00 AM"
262,JNJ,5386,66.51000213623047,"April 18, 2008 at 12:00:00 AM",JNJ,5386.0,67.12000274658203,"April 23, 2008 at 12:00:00 AM"
263,TMUS,9198,39.29999923706055,"April 23, 2008 at 12:00:00 AM",TMUS,9198.0,39.720001220703125,"April 25, 2008 at 12:00:00 AM"
264,AAPL,60276,6.06178617477417,"April 25, 2008 at 12:00:00 AM",AAPL,60276.0,6.1110711097717285,"April 29, 2008 at 12:00:00 AM"
265,AAPL,58919,6.251786231994629,"April 29, 2008 at 12:00:00 AM",AAPL,58919.0,6.292500019073486,"April 30, 2008 at 12:00:00 AM"
266,AMD,62206,5.960000038146973,"April 30, 2008 at 12:00:00 AM",AMD,62206.0,6.28000020980835,"May 02, 2008 at 12:00:00 AM"
267,AAPL,60453,6.4621429443359375,"May 02, 2008 at 12:00:00 AM",AAPL,60453.0,6.497142791748047,"May 05, 2008 at 12:00:00 AM"
268,AMD,55164,7.119999885559082,"May 06, 2008 at 12:00:00 AM",AMD,55164.0,7.190000057220459,"May 13, 2008 at 12:00:00 AM"
269,SNE,8611,46.060001373291016,"May 13, 2008 at 12:00:00 AM",SNE,8611.0,48.099998474121094,"May 14, 2008 at 12:00:00 AM"
270,MSFT,13602,30.450000762939453,"May 15, 2008 at 12:00:00 AM",MSFT,13602.0,25.540000915527344,"July 22, 2008 at 12:00:00 AM"
271,AAPL,58508,5.937857151031494,"July 23, 2008 at 12:00:00 AM",AAPL,58508.0,6.0739288330078125,"August 11, 2008 at 12:00:00 AM"
272,PEP,5130,69.2699966430664,"August 11, 2008 at 12:00:00 AM",PEP,5130.0,69.7699966430664,"August 14, 2008 at 12:00:00 AM"
273,QCOM,6352,56.349998474121094,"August 14, 2008 at 12:00:00 AM",QCOM,6352.0,40.060001373291016,"October 20, 2008 at 12:00:00 AM"
274,SNE,9566,26.600000381469727,"October 20, 2008 at 12:00:00 AM",SNE,9566.0,19.809999465942383,"December 24, 2008 at 12:00:00 AM"
275,PEP,3474,54.540000915527344,"December 24, 2008 at 12:00:00 AM",PEP,3474.0,55.029998779296875,"December 31, 2008 at 12:00:00 AM"
276,MSFT,9836,19.440000534057617,"December 31, 2008 at 12:00:00 AM",MSFT,9836.0,20.200000762939453,"January 05, 2009 at 12:00:00 AM"
277,AAPL,58821,3.377856969833374,"January 05, 2009 at 12:00:00 AM",AAPL,58821.0,3.426785945892334,"January 06, 2009 at 12:00:00 AM"
278,TMUS,5942,33.91999816894531,"January 06, 2009 at 12:00:00 AM",TMUS,5942.0,34.380001068115234,"January 08, 2009 at 12:00:00 AM"
279,AAPL,63153,3.234999895095825,"January 09, 2009 at 12:00:00 AM",AAPL,63153.0,3.2899999618530273,"January 28, 2009 at 12:00:00 AM"
280,AMD,88415,2.3499999046325684,"January 28, 2009 at 12:00:00 AM",AMD,88415.0,2.4200000762939453,"February 06, 2009 at 12:00:00 AM"
281,QCOM,5891,36.31999969482422,"February 06, 2009 at 12:00:00 AM",QCOM,5891.0,36.630001068115234,"March 13, 2009 at 12:00:00 AM"
282,QCOM,5871,36.75,"March 13, 2009 at 12:00:00 AM",QCOM,5871.0,36.75,"March 18, 2009 at 12:00:00 AM"
283,AAPL,59516,3.625714063644409,"March 18, 2009 at 12:00:00 AM",AAPL,59516.0,3.646070957183838,"March 20, 2009 at 12:00:00 AM"
284,PEP,4203,51.630001068115234,"March 23, 2009 at 12:00:00 AM",PEP,4203.0,52.209999084472656,"March 25, 2009 at 12:00:00 AM"
285,QCOM,5549,39.540000915527344,"March 26, 2009 at 12:00:00 AM",QCOM,5549.0,39.95000076293945,"April 02, 2009 at 12:00:00 AM"
286,AAPL,55079,4.025356769561768,"April 02, 2009 at 12:00:00 AM",AAPL,55079.0,4.078214168548584,"April 03, 2009 at 12:00:00 AM"
287,AMD,63633,3.5299999713897705,"April 06, 2009 at 12:00:00 AM",AMD,63633.0,3.7799999713897705,"April 09, 2009 at 12:00:00 AM"
288,AAPL,56326,4.270357131958008,"April 09, 2009 at 12:00:00 AM",AAPL,56326.0,4.270357131958008,"April 14, 2009 at 12:00:00 AM"
289,QCOM,5881,40.900001525878906,"April 15, 2009 at 12:00:00 AM",QCOM,5881.0,41.209999084472656,"April 16, 2009 at 12:00:00 AM"
290,AAPL,55874,4.337500095367432,"April 16, 2009 at 12:00:00 AM",AAPL,55874.0,4.379642963409424,"April 22, 2009 at 12:00:00 AM"
291,AAPL,56389,4.3396430015563965,"April 22, 2009 at 12:00:00 AM",AAPL,56389.0,4.5221428871154785,"April 23, 2009 at 12:00:00 AM"
292,TXN,14706,17.34000015258789,"April 23, 2009 at 12:00:00 AM",TXN,14706.0,17.489999771118164,"April 24, 2009 at 12:00:00 AM"
293,JNJ,5051,50.91999816894531,"April 24, 2009 at 12:00:00 AM",JNJ,5051.0,51.31999969482422,"April 27, 2009 at 12:00:00 AM"
294,MSFT,12707,20.399999618530273,"April 27, 2009 at 12:00:00 AM",MSFT,12707.0,20.600000381469727,"April 30, 2009 at 12:00:00 AM"
295,MSFT,12920,20.260000228881836,"April 30, 2009 at 12:00:00 AM",MSFT,12920.0,20.3700008392334,"May 04, 2009 at 12:00:00 AM"
296,AAPL,55799,4.716785907745361,"May 04, 2009 at 12:00:00 AM",AAPL,55799.0,4.761785984039307,"May 06, 2009 at 12:00:00 AM"
297,PEP,5343,49.720001220703125,"May 06, 2009 at 12:00:00 AM",PEP,5343.0,49.720001220703125,"May 12, 2009 at 12:00:00 AM"
298,MSFT,13358,19.889999389648438,"May 12, 2009 at 12:00:00 AM",MSFT,13358.0,20.1299991607666,"May 15, 2009 at 12:00:00 AM"
299,AAPL,61505,4.372142791748047,"May 15, 2009 at 12:00:00 AM",AAPL,61505.0,4.418929100036621,"May 18, 2009 at 12:00:00 AM"
300,JNJ,4849,56.04999923706055,"May 18, 2009 at 12:00:00 AM",JNJ,4849.0,56.04999923706055,"June 02, 2009 at 12:00:00 AM"
301,AMD,59602,4.559999942779541,"June 02, 2009 at 12:00:00 AM",AMD,59602.0,4.840000152587891,"June 05, 2009 at 12:00:00 AM"
302,QCOM,6354,45.400001525878906,"June 05, 2009 at 12:00:00 AM",QCOM,6354.0,45.869998931884766,"June 09, 2009 at 12:00:00 AM"
303,AAPL,57181,5.097143173217773,"June 09, 2009 at 12:00:00 AM",AAPL,57181.0,5.123570919036865,"June 29, 2009 at 12:00:00 AM"
304,MSFT,12325,23.770000457763672,"June 30, 2009 at 12:00:00 AM",MSFT,12325.0,24.049999237060547,"July 01, 2009 at 12:00:00 AM"
305,AMD,75811,3.9100000858306885,"July 01, 2009 at 12:00:00 AM",AMD,75811.0,3.950000047683716,"July 17, 2009 at 12:00:00 AM"
306,TTWO,34499,8.680000305175781,"July 17, 2009 at 12:00:00 AM",TTWO,34499.0,8.770000457763672,"July 20, 2009 at 12:00:00 AM"
307,T,12389,24.420000076293945,"July 20, 2009 at 12:00:00 AM",T,12389.0,24.559999465942383,"July 21, 2009 at 12:00:00 AM"
308,MSFT,12255,24.829999923706055,"July 21, 2009 at 12:00:00 AM",MSFT,12255.0,25.06999969482422,"August 28, 2009 at 12:00:00 AM"
309,AAPL,50588,6.073214054107666,"August 28, 2009 at 12:00:00 AM",AAPL,50588.0,6.177856922149658,"September 08, 2009 at 12:00:00 AM"
310,QCOM,6791,46.02000045776367,"September 08, 2009 at 12:00:00 AM",QCOM,6791.0,46.650001525878906,"September 11, 2009 at 12:00:00 AM"
311,AAPL,51525,6.148571014404297,"September 11, 2009 at 12:00:00 AM",AAPL,51525.0,6.215713977813721,"September 15, 2009 at 12:00:00 AM"
312,AAPL,51196,6.255713939666748,"September 15, 2009 at 12:00:00 AM",AAPL,51196.0,6.356785774230957,"September 16, 2009 at 12:00:00 AM"
313,CSCO,13931,23.360000610351562,"September 16, 2009 at 12:00:00 AM",CSCO,13931.0,23.5,"September 18, 2009 at 12:00:00 AM"
314,MSFT,12960,25.260000228881836,"September 18, 2009 at 12:00:00 AM",MSFT,12960.0,25.399999618530273,"September 22, 2009 at 12:00:00 AM"
315,MSFT,12774,25.770000457763672,"September 22, 2009 at 12:00:00 AM",MSFT,12774.0,25.920000076293945,"September 23, 2009 at 12:00:00 AM"
316,TTWO,28204,11.739999771118164,"September 23, 2009 at 12:00:00 AM",TTWO,28204.0,11.829999923706055,"October 26, 2009 at 12:00:00 AM"
317,MSFT,11670,28.59000015258789,"October 27, 2009 at 12:00:00 AM",MSFT,11670.0,28.899999618530273,"November 10, 2009 at 12:00:00 AM"
318,TXN,13464,25.049999237060547,"November 10, 2009 at 12:00:00 AM",TXN,13464.0,25.260000228881836,"November 12, 2009 at 12:00:00 AM"
319,QCOM,7583,44.849998474121094,"November 12, 2009 at 12:00:00 AM",QCOM,7583.0,45.290000915527344,"November 13, 2009 at 12:00:00 AM"
320,JNJ,5590,61.43000030517578,"November 13, 2009 at 12:00:00 AM",JNJ,5590.0,61.959999084472656,"November 17, 2009 at 12:00:00 AM"
321,TXN,13390,25.8700008392334,"November 17, 2009 at 12:00:00 AM",TXN,13390.0,26.010000228881836,"December 02, 2009 at 12:00:00 AM"
322,PEP,5471,63.650001525878906,"December 02, 2009 at 12:00:00 AM",PEP,5471.0,64.08999633789062,"December 08, 2009 at 12:00:00 AM"
323,MSFT,11859,29.56999969482422,"December 08, 2009 at 12:00:00 AM",MSFT,11859.0,29.969999313354492,"December 11, 2009 at 12:00:00 AM"
324,JNJ,5480,64.8499984741211,"December 11, 2009 at 12:00:00 AM",JNJ,5480.0,65.19999694824219,"December 14, 2009 at 12:00:00 AM"
325,AMD,41169,8.680000305175781,"December 14, 2009 at 12:00:00 AM",AMD,41169.0,9.140000343322754,"December 16, 2009 at 12:00:00 AM"
326,QCOM,8419,44.689998626708984,"December 16, 2009 at 12:00:00 AM",QCOM,8419.0,45.650001525878906,"December 22, 2009 at 12:00:00 AM"
327,PEP,6339,60.630001068115234,"December 22, 2009 at 12:00:00 AM",PEP,6339.0,61.189998626708984,"December 28, 2009 at 12:00:00 AM"
328,QCOM,8385,46.2599983215332,"December 28, 2009 at 12:00:00 AM",QCOM,8385.0,46.2599983215332,"December 29, 2009 at 12:00:00 AM"
329,SNE,13217,29.350000381469727,"December 29, 2009 at 12:00:00 AM",SNE,13217.0,29.520000457763672,"January 04, 2010 at 12:00:00 AM"
330,TMUS,24477,15.9399995803833,"January 04, 2010 at 12:00:00 AM",TMUS,24477.0,13.199999809265137,"March 11, 2010 at 12:00:00 AM"
331,QCOM,8263,39.099998474121094,"March 11, 2010 at 12:00:00 AM",QCOM,8263.0,40.52000045776367,"March 19, 2010 at 12:00:00 AM"
332,AAPL,42183,7.9375,"March 19, 2010 at 12:00:00 AM",AAPL,42183.0,8.058570861816406,"March 23, 2010 at 12:00:00 AM"
333,AAPL,41681,8.15571403503418,"March 23, 2010 at 12:00:00 AM",AAPL,41681.0,8.247142791748047,"March 25, 2010 at 12:00:00 AM"
334,MSFT,11589,29.65999984741211,"March 26, 2010 at 12:00:00 AM",MSFT,11589.0,29.950000762939453,"April 09, 2010 at 12:00:00 AM"
335,PEP,5230,66.36000061035156,"April 09, 2010 at 12:00:00 AM",PEP,5230.0,67.23999786376953,"May 12, 2010 at 12:00:00 AM"
336,MSFT,11946,29.440000534057617,"May 12, 2010 at 12:00:00 AM",MSFT,11946.0,24.959999084472656,"July 19, 2010 at 12:00:00 AM"
337,AMD,40080,7.440000057220459,"July 19, 2010 at 12:00:00 AM",AMD,40080.0,7.610000133514404,"July 21, 2010 at 12:00:00 AM"
338,AAPL,33591,9.079999923706055,"July 21, 2010 at 12:00:00 AM",AAPL,33591.0,9.20285701751709,"July 22, 2010 at 12:00:00 AM"
339,AAPL,33299,9.283571243286133,"July 23, 2010 at 12:00:00 AM",AAPL,33299.0,9.416786193847656,"July 28, 2010 at 12:00:00 AM"
340,AAPL,33645,9.319999694824219,"July 28, 2010 at 12:00:00 AM",AAPL,33645.0,9.3871431350708,"August 04, 2010 at 12:00:00 AM"
341,PEP,4773,66.16999816894531,"August 04, 2010 at 12:00:00 AM",PEP,4773.0,66.16999816894531,"September 14, 2010 at 12:00:00 AM"
342,MSFT,12618,25.030000686645508,"September 14, 2010 at 12:00:00 AM",MSFT,12618.0,25.399999618530273,"September 17, 2010 at 12:00:00 AM"
343,INTC,17038,18.809999465942383,"September 17, 2010 at 12:00:00 AM",INTC,17038.0,19.040000915527344,"September 22, 2010 at 12:00:00 AM"
344,AMD,51824,6.260000228881836,"September 22, 2010 at 12:00:00 AM",AMD,51824.0,6.599999904632568,"September 24, 2010 at 12:00:00 AM"
345,QCOM,7677,44.54999923706055,"September 24, 2010 at 12:00:00 AM",QCOM,7677.0,45.06999969482422,"September 30, 2010 at 12:00:00 AM"
346,AAPL,34145,10.133929252624512,"September 30, 2010 at 12:00:00 AM",AAPL,34145.0,10.219642639160156,"October 01, 2010 at 12:00:00 AM"
347,TXN,12805,27.25,"October 01, 2010 at 12:00:00 AM",TXN,12805.0,27.440000534057617,"October 05, 2010 at 12:00:00 AM"
348,JNJ,5595,62.79999923706055,"October 05, 2010 at 12:00:00 AM",JNJ,5595.0,63.290000915527344,"October 07, 2010 at 12:00:00 AM"
349,QCOM,7949,44.54999923706055,"October 07, 2010 at 12:00:00 AM",QCOM,7949.0,44.970001220703125,"October 13, 2010 at 12:00:00 AM"
350,MSFT,14106,25.34000015258789,"October 13, 2010 at 12:00:00 AM",MSFT,14106.0,25.59000015258789,"October 18, 2010 at 12:00:00 AM"
351,MSFT,13981,25.81999969482422,"October 18, 2010 at 12:00:00 AM",MSFT,13981.0,26.209999084472656,"October 28, 2010 at 12:00:00 AM"
352,QCOM,8249,44.41999816894531,"October 28, 2010 at 12:00:00 AM",QCOM,8249.0,45.52000045776367,"November 01, 2010 at 12:00:00 AM"
353,QCOM,8284,45.33000183105469,"November 01, 2010 at 12:00:00 AM",QCOM,8284.0,45.75,"November 02, 2010 at 12:00:00 AM"
354,AAPL,34303,11.04857063293457,"November 02, 2010 at 12:00:00 AM",AAPL,34303.0,11.120356559753418,"November 03, 2010 at 12:00:00 AM"
355,AMD,49930,7.639999866485596,"November 03, 2010 at 12:00:00 AM",AMD,49930.0,7.710000038146973,"November 04, 2010 at 12:00:00 AM"
356,QCOM,7963,48.34000015258789,"November 04, 2010 at 12:00:00 AM",QCOM,7963.0,48.7400016784668,"December 07, 2010 at 12:00:00 AM"
357,CSCO,20017,19.389999389648438,"December 07, 2010 at 12:00:00 AM",CSCO,20017.0,19.489999771118164,"December 09, 2010 at 12:00:00 AM"
358,AAPL,34163,11.420000076293945,"December 09, 2010 at 12:00:00 AM",AAPL,34163.0,11.584643363952637,"December 13, 2010 at 12:00:00 AM"
359,AAPL,34450,11.488213539123535,"December 13, 2010 at 12:00:00 AM",AAPL,34450.0,11.584285736083984,"December 22, 2010 at 12:00:00 AM"
360,MSFT,14156,28.190000534057617,"December 22, 2010 at 12:00:00 AM",MSFT,14156.0,28.639999389648438,"January 07, 2011 at 12:00:00 AM"
361,INTC,19624,20.65999984741211,"January 07, 2011 at 12:00:00 AM",INTC,19624.0,20.829999923706055,"January 11, 2011 at 12:00:00 AM"
362,QCOM,7850,52.06999969482422,"January 11, 2011 at 12:00:00 AM",QCOM,7850.0,52.369998931884766,"January 18, 2011 at 12:00:00 AM"
363,MSFT,14345,28.65999984741211,"January 18, 2011 at 12:00:00 AM",MSFT,14345.0,28.899999618530273,"January 28, 2011 at 12:00:00 AM"
364,AMD,55351,7.489999771118164,"January 28, 2011 at 12:00:00 AM",AMD,55351.0,7.550000190734863,"January 31, 2011 at 12:00:00 AM"
365,AAPL,33914,12.322500228881836,"February 01, 2011 at 12:00:00 AM",AAPL,33914.0,12.424642562866211,"February 07, 2011 at 12:00:00 AM"
366,AAPL,33529,12.567143440246582,"February 07, 2011 at 12:00:00 AM",AAPL,33529.0,12.631428718566895,"February 08, 2011 at 12:00:00 AM"
367,SNE,12018,35.2400016784668,"February 08, 2011 at 12:00:00 AM",SNE,12018.0,35.63999938964844,"February 16, 2011 at 12:00:00 AM"
368,PEP,6696,63.959999084472656,"February 16, 2011 at 12:00:00 AM",PEP,6696.0,64.51000213623047,"February 18, 2011 at 12:00:00 AM"
369,MSFT,15965,27.059999465942383,"February 18, 2011 at 12:00:00 AM",MSFT,15965.0,26.299999237060547,"April 27, 2011 at 12:00:00 AM"
370,PEP,6181,67.93000030517578,"April 27, 2011 at 12:00:00 AM",PEP,6181.0,67.93000030517578,"April 28, 2011 at 12:00:00 AM"
371,TMUS,12444,33.7400016784668,"April 28, 2011 at 12:00:00 AM",TMUS,12444.0,33.91999816894531,"May 02, 2011 at 12:00:00 AM"
372,JNJ,6375,66.20999908447266,"May 02, 2011 at 12:00:00 AM",JNJ,6375.0,67.08999633789062,"May 13, 2011 at 12:00:00 AM"
373,AAPL,35173,12.160714149475098,"May 13, 2011 at 12:00:00 AM",AAPL,35173.0,12.459643363952637,"June 01, 2011 at 12:00:00 AM"
374,AMD,52359,8.369999885559082,"June 01, 2011 at 12:00:00 AM",AMD,52359.0,6.590000152587891,"August 05, 2011 at 12:00:00 AM"
375,PEP,5479,62.970001220703125,"August 08, 2011 at 12:00:00 AM",PEP,5479.0,63.5099983215332,"August 09, 2011 at 12:00:00 AM"
376,AAPL,26792,12.98892879486084,"August 10, 2011 at 12:00:00 AM",AAPL,26792.0,13.232856750488281,"August 11, 2011 at 12:00:00 AM"
377,AAPL,26332,13.463929176330566,"August 12, 2011 at 12:00:00 AM",AAPL,26332.0,13.55821418762207,"August 15, 2011 at 12:00:00 AM"
378,AAPL,26273,13.588570594787598,"August 16, 2011 at 12:00:00 AM",AAPL,26273.0,13.863571166992188,"August 29, 2011 at 12:00:00 AM"
379,MSFT,14096,25.84000015258789,"August 29, 2011 at 12:00:00 AM",MSFT,14096.0,26.290000915527344,"August 31, 2011 at 12:00:00 AM"
380,T,13012,28.479999542236328,"August 31, 2011 at 12:00:00 AM",T,13012.0,28.81999969482422,"September 16, 2011 at 12:00:00 AM"
381,JNJ,5806,64.58999633789062,"September 16, 2011 at 12:00:00 AM",JNJ,5806.0,64.98999786376953,"October 27, 2011 at 12:00:00 AM"
382,AMD,68111,5.539999961853027,"October 27, 2011 at 12:00:00 AM",AMD,68111.0,5.829999923706055,"October 28, 2011 at 12:00:00 AM"
383,MSFT,14718,26.979999542236328,"October 28, 2011 at 12:00:00 AM",MSFT,14718.0,27.3799991607666,"January 05, 2012 at 12:00:00 AM"
384,QCOM,7188,56.060001373291016,"January 05, 2012 at 12:00:00 AM",QCOM,7188.0,56.560001373291016,"January 10, 2012 at 12:00:00 AM"
385,AMD,71203,5.710000038146973,"January 10, 2012 at 12:00:00 AM",AMD,71203.0,5.829999923706055,"January 12, 2012 at 12:00:00 AM"
386,MSFT,14825,28.0,"January 12, 2012 at 12:00:00 AM",MSFT,14825.0,28.399999618530273,"January 17, 2012 at 12:00:00 AM"
387,AAPL,27759,15.16785717010498,"January 17, 2012 at 12:00:00 AM",AAPL,27759.0,15.248571395874023,"January 18, 2012 at 12:00:00 AM"
388,AMD,68052,6.21999979019165,"January 19, 2012 at 12:00:00 AM",AMD,68052.0,6.21999979019165,"January 20, 2012 at 12:00:00 AM"
389,MSFT,14237,29.729999542236328,"January 23, 2012 at 12:00:00 AM",MSFT,14237.0,29.899999618530273,"February 02, 2012 at 12:00:00 AM"
390,MSFT,14213,29.950000762939453,"February 02, 2012 at 12:00:00 AM",MSFT,14213.0,30.139999389648438,"February 03, 2012 at 12:00:00 AM"
391,MCD,4283,100.01000213623047,"February 03, 2012 at 12:00:00 AM",MCD,4283.0,101.12000274658203,"February 08, 2012 at 12:00:00 AM"
392,AMD,59746,7.25,"February 08, 2012 at 12:00:00 AM",AMD,59746.0,7.300000190734863,"February 09, 2012 at 12:00:00 AM"
393,TTWO,26939,16.190000534057617,"February 09, 2012 at 12:00:00 AM",TTWO,26939.0,16.290000915527344,"February 10, 2012 at 12:00:00 AM"
394,T,14608,30.040000915527344,"February 13, 2012 at 12:00:00 AM",T,14608.0,30.25,"February 22, 2012 at 12:00:00 AM"
395,AAPL,24118,18.322856903076172,"February 22, 2012 at 12:00:00 AM",AAPL,24118.0,18.559642791748047,"February 24, 2012 at 12:00:00 AM"
396,AAPL,23991,18.657499313354492,"February 24, 2012 at 12:00:00 AM",AAPL,23991.0,18.855714797973633,"February 28, 2012 at 12:00:00 AM"
397,MSFT,14194,31.8700008392334,"February 28, 2012 at 12:00:00 AM",MSFT,14194.0,32.310001373291016,"March 02, 2012 at 12:00:00 AM"
398,MSFT,14296,32.08000183105469,"March 02, 2012 at 12:00:00 AM",MSFT,14296.0,32.529998779296875,"March 14, 2012 at 12:00:00 AM"
399,QCOM,7142,65.11000061035156,"March 14, 2012 at 12:00:00 AM",QCOM,7142.0,65.83999633789062,"March 19, 2012 at 12:00:00 AM"
400,AAPL,21905,21.467857360839844,"March 19, 2012 at 12:00:00 AM",AAPL,21905.0,21.6492862701416,"March 27, 2012 at 12:00:00 AM"
401,AAPL,21609,21.945714950561523,"March 27, 2012 at 12:00:00 AM",AAPL,21609.0,22.084999084472656,"March 28, 2012 at 12:00:00 AM"
402,CSCO,22693,21.030000686645508,"March 29, 2012 at 12:00:00 AM",CSCO,22693.0,21.139999389648438,"April 02, 2012 at 12:00:00 AM"
403,AAPL,21345,22.4757137298584,"April 03, 2012 at 12:00:00 AM",AAPL,21345.0,22.854642868041992,"April 10, 2012 at 12:00:00 AM"
404,QCOM,7366,66.22000122070312,"April 10, 2012 at 12:00:00 AM",QCOM,7366.0,66.91999816894531,"April 11, 2012 at 12:00:00 AM"
405,INTC,17310,28.479999542236328,"April 12, 2012 at 12:00:00 AM",INTC,17310.0,28.81999969482422,"May 02, 2012 at 12:00:00 AM"
406,INTC,17096,29.18000030517578,"May 02, 2012 at 12:00:00 AM",INTC,17096.0,26.049999237060547,"July 09, 2012 at 12:00:00 AM"
407,PEP,6363,69.98999786376953,"July 09, 2012 at 12:00:00 AM",PEP,6363.0,69.98999786376953,"July 13, 2012 at 12:00:00 AM"
408,AMD,90891,4.900000095367432,"July 13, 2012 at 12:00:00 AM",AMD,90891.0,4.929999828338623,"July 19, 2012 at 12:00:00 AM"
409,QCOM,7667,58.439998626708984,"July 19, 2012 at 12:00:00 AM",QCOM,7667.0,58.81999969482422,"July 27, 2012 at 12:00:00 AM"
410,JNJ,6487,69.5199966430664,"July 27, 2012 at 12:00:00 AM",JNJ,6487.0,69.12000274658203,"October 02, 2012 at 12:00:00 AM"
411,INTC,19632,22.84000015258789,"October 02, 2012 at 12:00:00 AM",INTC,19632.0,20.149999618530273,"December 10, 2012 at 12:00:00 AM"
412,JNJ,5603,70.5999984741211,"December 10, 2012 at 12:00:00 AM",JNJ,5603.0,71.20999908447266,"December 12, 2012 at 12:00:00 AM"
413,INTC,19304,20.670000076293945,"December 12, 2012 at 12:00:00 AM",INTC,19304.0,21.06999969482422,"December 19, 2012 at 12:00:00 AM"
414,TTWO,33951,11.979999542236328,"December 19, 2012 at 12:00:00 AM",TTWO,33951.0,12.109999656677246,"January 07, 2013 at 12:00:00 AM"
415,AMD,153991,2.6700000762939453,"January 07, 2013 at 12:00:00 AM",AMD,153991.0,2.7200000286102295,"January 08, 2013 at 12:00:00 AM"
416,AAPL,22325,18.761070251464844,"January 08, 2013 at 12:00:00 AM",AAPL,22325.0,18.876785278320312,"January 10, 2013 at 12:00:00 AM"
417,QCOM,6505,64.77999877929688,"January 10, 2013 at 12:00:00 AM",QCOM,6505.0,64.77999877929688,"January 11, 2013 at 12:00:00 AM"
418,SNE,38001,11.09000015258789,"January 11, 2013 at 12:00:00 AM",SNE,38001.0,11.180000305175781,"January 14, 2013 at 12:00:00 AM"
419,MSFT,15799,26.889999389648438,"January 14, 2013 at 12:00:00 AM",MSFT,15799.0,27.149999618530273,"January 16, 2013 at 12:00:00 AM"
420,MSFT,15864,27.040000915527344,"January 16, 2013 at 12:00:00 AM",MSFT,15864.0,27.190000534057617,"January 17, 2013 at 12:00:00 AM"
421,AAPL,24026,17.952856063842773,"January 17, 2013 at 12:00:00 AM",AAPL,24026.0,18.171785354614258,"January 23, 2013 at 12:00:00 AM"
422,MSFT,15801,27.6299991607666,"January 24, 2013 at 12:00:00 AM",MSFT,15801.0,28.010000228881836,"January 28, 2013 at 12:00:00 AM"
423,MSFT,15858,27.90999984741211,"January 28, 2013 at 12:00:00 AM",MSFT,15858.0,28.1299991607666,"February 20, 2013 at 12:00:00 AM"
424,MSFT,16006,27.8700008392334,"February 20, 2013 at 12:00:00 AM",MSFT,16006.0,28.290000915527344,"March 05, 2013 at 12:00:00 AM"
425,TMUS,21960,20.6200008392334,"March 05, 2013 at 12:00:00 AM",TMUS,21960.0,20.81999969482422,"March 07, 2013 at 12:00:00 AM"
426,TTWO,29670,15.40999984741211,"March 07, 2013 at 12:00:00 AM",TTWO,29670.0,15.489999771118164,"March 08, 2013 at 12:00:00 AM"
427,AAPL,29807,15.418571472167969,"March 08, 2013 at 12:00:00 AM",AAPL,29807.0,15.557143211364746,"March 12, 2013 at 12:00:00 AM"
428,AMD,177670,2.609999895095825,"March 12, 2013 at 12:00:00 AM",AMD,177670.0,2.6600000858306885,"March 19, 2013 at 12:00:00 AM"
429,QCOM,7302,64.72000122070312,"March 19, 2013 at 12:00:00 AM",QCOM,7302.0,65.41000366210938,"March 20, 2013 at 12:00:00 AM"
430,JNJ,6045,79.01000213623047,"March 21, 2013 at 12:00:00 AM",JNJ,6045.0,79.83000183105469,"March 25, 2013 at 12:00:00 AM"
431,MSFT,17137,28.15999984741211,"March 25, 2013 at 12:00:00 AM",MSFT,17137.0,28.31999969482422,"March 28, 2013 at 12:00:00 AM"
432,MSFT,16964,28.610000610351562,"March 28, 2013 at 12:00:00 AM",MSFT,16964.0,29.56999969482422,"April 10, 2013 at 12:00:00 AM"
433,MSFT,16566,30.280000686645508,"April 10, 2013 at 12:00:00 AM",MSFT,16566.0,30.700000762939453,"April 23, 2013 at 12:00:00 AM"
434,TMUS,21752,23.3799991607666,"April 23, 2013 at 12:00:00 AM",TMUS,21752.0,23.719999313354492,"April 25, 2013 at 12:00:00 AM"
435,MSFT,16154,31.940000534057617,"April 25, 2013 at 12:00:00 AM",MSFT,16154.0,32.560001373291016,"April 30, 2013 at 12:00:00 AM"
436,MSFT,15891,33.099998474121094,"April 30, 2013 at 12:00:00 AM",MSFT,15891.0,33.41999816894531,"May 06, 2013 at 12:00:00 AM"
437,AAPL,32421,16.380714416503906,"May 07, 2013 at 12:00:00 AM",AAPL,32421.0,15.273214340209961,"July 12, 2013 at 12:00:00 AM"
438,AMD,114623,4.320000171661377,"July 12, 2013 at 12:00:00 AM",AMD,114623.0,4.409999847412109,"July 16, 2013 at 12:00:00 AM"
439,AAPL,32900,15.364286422729492,"July 16, 2013 at 12:00:00 AM",AAPL,32900.0,15.477856636047363,"July 18, 2013 at 12:00:00 AM"
440,TTWO,30993,16.43000030517578,"July 18, 2013 at 12:00:00 AM",TTWO,30993.0,16.75,"July 22, 2013 at 12:00:00 AM"
441,QCOM,8345,62.209999084472656,"July 22, 2013 at 12:00:00 AM",QCOM,8345.0,62.88999938964844,"July 24, 2013 at 12:00:00 AM"
442,TXN,13481,38.93000030517578,"July 24, 2013 at 12:00:00 AM",TXN,13481.0,39.36000061035156,"August 01, 2013 at 12:00:00 AM"
443,JNJ,5658,93.7699966430664,"August 01, 2013 at 12:00:00 AM",JNJ,5658.0,94.2699966430664,"August 08, 2013 at 12:00:00 AM"
444,AAPL,32399,16.464643478393555,"August 08, 2013 at 12:00:00 AM",AAPL,32399.0,16.819286346435547,"August 13, 2013 at 12:00:00 AM"
445,AAPL,31166,17.484643936157227,"August 13, 2013 at 12:00:00 AM",AAPL,31166.0,17.781429290771484,"August 14, 2013 at 12:00:00 AM"
446,JNJ,6110,90.69999694824219,"August 14, 2013 at 12:00:00 AM",JNJ,6110.0,91.75,"October 18, 2013 at 12:00:00 AM"
447,CSCO,24448,22.93000030517578,"October 21, 2013 at 12:00:00 AM",CSCO,24448.0,23.209999084472656,"November 06, 2013 at 12:00:00 AM"
448,AMD,170917,3.319999933242798,"November 06, 2013 at 12:00:00 AM",AMD,170917.0,3.3399999141693115,"November 12, 2013 at 12:00:00 AM"
449,MCD,5845,97.66000366210938,"November 12, 2013 at 12:00:00 AM",MCD,5845.0,98.18000030517578,"November 14, 2013 at 12:00:00 AM"
450,MSFT,15094,38.02000045776367,"November 14, 2013 at 12:00:00 AM",MSFT,15094.0,38.849998474121094,"December 05, 2013 at 12:00:00 AM"
451,INTC,24172,24.260000228881836,"December 05, 2013 at 12:00:00 AM",INTC,24172.0,24.969999313354492,"December 06, 2013 at 12:00:00 AM"
452,AMD,164916,3.6600000858306885,"December 06, 2013 at 12:00:00 AM",AMD,164916.0,3.6600000858306885,"December 09, 2013 at 12:00:00 AM"
453,PEP,7299,82.69000244140625,"December 09, 2013 at 12:00:00 AM",PEP,7299.0,83.33000183105469,"January 08, 2014 at 12:00:00 AM"
454,MSFT,17009,35.7599983215332,"January 08, 2014 at 12:00:00 AM",MSFT,17009.0,35.9900016784668,"January 13, 2014 at 12:00:00 AM"
455,MSFT,17500,34.97999954223633,"January 13, 2014 at 12:00:00 AM",MSFT,17500.0,35.900001525878906,"January 15, 2014 at 12:00:00 AM"
456,MSFT,17091,36.7599983215332,"January 15, 2014 at 12:00:00 AM",MSFT,17091.0,37.45000076293945,"January 24, 2014 at 12:00:00 AM"
457,T,19152,33.41999816894531,"January 24, 2014 at 12:00:00 AM",T,19152.0,34.34000015258789,"March 21, 2014 at 12:00:00 AM"
458,MSFT,16376,40.15999984741211,"March 21, 2014 at 12:00:00 AM",MSFT,16376.0,40.65999984741211,"March 25, 2014 at 12:00:00 AM"
459,MSFT,16506,40.34000015258789,"March 25, 2014 at 12:00:00 AM",MSFT,16506.0,41.150001525878906,"April 01, 2014 at 12:00:00 AM"
460,AMD,166891,4.070000171661377,"April 01, 2014 at 12:00:00 AM",AMD,166891.0,4.119999885559082,"April 02, 2014 at 12:00:00 AM"
461,AAPL,35485,19.376785278320312,"April 02, 2014 at 12:00:00 AM",AAPL,35485.0,20.293214797973633,"April 24, 2014 at 12:00:00 AM"
462,PEP,8420,85.5199966430664,"April 24, 2014 at 12:00:00 AM",PEP,8420.0,86.93000030517578,"April 29, 2014 at 12:00:00 AM"
463,MSFT,18069,40.5099983215332,"April 29, 2014 at 12:00:00 AM",MSFT,18069.0,40.95000076293945,"June 02, 2014 at 12:00:00 AM"
464,QCOM,9194,80.4800033569336,"June 02, 2014 at 12:00:00 AM",QCOM,9194.0,81.11000061035156,"July 09, 2014 at 12:00:00 AM"
465,MCD,7378,101.06999969482422,"July 09, 2014 at 12:00:00 AM",MCD,7378.0,92.94000244140625,"September 12, 2014 at 12:00:00 AM"
466,AMD,173167,3.9600000381469727,"September 12, 2014 at 12:00:00 AM",AMD,173167.0,3.9800000190734863,"September 15, 2014 at 12:00:00 AM"
467,JNJ,6581,104.72000122070312,"September 15, 2014 at 12:00:00 AM",JNJ,6581.0,105.87999725341797,"September 17, 2014 at 12:00:00 AM"
468,AAPL,27440,25.395000457763672,"September 17, 2014 at 12:00:00 AM",AAPL,27440.0,25.572500228881836,"September 19, 2014 at 12:00:00 AM"
469,TTWO,29595,23.709999084472656,"September 19, 2014 at 12:00:00 AM",TTWO,29595.0,24.5,"October 30, 2014 at 12:00:00 AM"
470,PEP,7539,96.16999816894531,"October 31, 2014 at 12:00:00 AM",PEP,7539.0,97.5199966430664,"November 05, 2014 at 12:00:00 AM"
471,PEP,7588,96.88999938964844,"November 05, 2014 at 12:00:00 AM",PEP,7588.0,98.48999786376953,"November 14, 2014 at 12:00:00 AM"
472,TXN,14476,51.630001068115234,"November 14, 2014 at 12:00:00 AM",TXN,14476.0,52.63999938964844,"November 21, 2014 at 12:00:00 AM"
473,AAPL,26170,29.11750030517578,"November 21, 2014 at 12:00:00 AM",AAPL,26170.0,29.767499923706055,"November 25, 2014 at 12:00:00 AM"
474,AAPL,26497,29.399999618530273,"November 25, 2014 at 12:00:00 AM",AAPL,26497.0,29.8174991607666,"November 28, 2014 at 12:00:00 AM"
475,AAPL,26573,29.732500076293945,"November 28, 2014 at 12:00:00 AM",AAPL,26573.0,30.0049991607666,"February 05, 2015 at 12:00:00 AM"
476,MSFT,18800,42.40999984741211,"February 06, 2015 at 12:00:00 AM",MSFT,18800.0,42.7400016784668,"February 10, 2015 at 12:00:00 AM"
477,AAPL,26341,30.5049991607666,"February 10, 2015 at 12:00:00 AM",AAPL,26341.0,30.6924991607666,"February 11, 2015 at 12:00:00 AM"
478,QCOM,11515,70.20999908447266,"February 11, 2015 at 12:00:00 AM",QCOM,11515.0,70.76000213623047,"February 17, 2015 at 12:00:00 AM"
479,JNJ,8112,100.44000244140625,"February 17, 2015 at 12:00:00 AM",JNJ,8112.0,101.37999725341797,"February 26, 2015 at 12:00:00 AM"
480,MSFT,18666,44.060001373291016,"February 26, 2015 at 12:00:00 AM",MSFT,18666.0,45.65999984741211,"April 24, 2015 at 12:00:00 AM"
481,AMD,370570,2.299999952316284,"April 24, 2015 at 12:00:00 AM",AMD,370570.0,2.299999952316284,"April 27, 2015 at 12:00:00 AM"
482,JNJ,8473,100.58000183105469,"April 27, 2015 at 12:00:00 AM",JNJ,8473.0,101.31999969482422,"May 11, 2015 at 12:00:00 AM"
483,INTC,26264,32.689998626708984,"May 11, 2015 at 12:00:00 AM",INTC,26264.0,32.86000061035156,"May 14, 2015 at 12:00:00 AM"
484,INTC,26176,32.970001220703125,"May 14, 2015 at 12:00:00 AM",INTC,26176.0,33.36000061035156,"May 19, 2015 at 12:00:00 AM"
485,AAPL,26854,32.51750183105469,"May 19, 2015 at 12:00:00 AM",AAPL,26854.0,32.51750183105469,"May 21, 2015 at 12:00:00 AM"
486,AAPL,26585,32.84749984741211,"May 21, 2015 at 12:00:00 AM",AAPL,26585.0,33.150001525878906,"May 26, 2015 at 12:00:00 AM"
487,TXN,16152,54.560001373291016,"May 26, 2015 at 12:00:00 AM",TXN,16152.0,55.959999084472656,"May 28, 2015 at 12:00:00 AM"
488,AAPL,27436,32.94499969482422,"May 28, 2015 at 12:00:00 AM",AAPL,27436.0,33.212501525878906,"July 21, 2015 at 12:00:00 AM"
489,QCOM,14196,64.19000244140625,"July 22, 2015 at 12:00:00 AM",QCOM,14196.0,64.66000366210938,"July 31, 2015 at 12:00:00 AM"
490,AAPL,30269,30.325000762939453,"July 31, 2015 at 12:00:00 AM",AAPL,30269.0,27.657499313354492,"October 06, 2015 at 12:00:00 AM"
491,AMD,450095,1.8600000143051147,"October 07, 2015 at 12:00:00 AM",AMD,450095.0,1.8700000047683716,"October 08, 2015 at 12:00:00 AM"
492,PEP,8504,98.97000122070312,"October 08, 2015 at 12:00:00 AM",PEP,8504.0,99.69999694824219,"October 19, 2015 at 12:00:00 AM"
493,MSFT,17805,47.619998931884766,"October 19, 2015 at 12:00:00 AM",MSFT,17805.0,47.91999816894531,"October 21, 2015 at 12:00:00 AM"
494,QCOM,14468,58.970001220703125,"October 21, 2015 at 12:00:00 AM",QCOM,14468.0,59.4900016784668,"October 22, 2015 at 12:00:00 AM"
495,AAPL,28913,29.770000457763672,"October 23, 2015 at 12:00:00 AM",AAPL,28913.0,30.247499465942383,"October 30, 2015 at 12:00:00 AM"
496,PEP,8558,102.19000244140625,"October 30, 2015 at 12:00:00 AM",PEP,8558.0,98.45999908447266,"January 07, 2016 at 12:00:00 AM"
497,AAPL,34946,24.112499237060547,"January 07, 2016 at 12:00:00 AM",AAPL,34946.0,24.637500762939453,"January 08, 2016 at 12:00:00 AM"
498,AMD,360244,2.390000104904175,"January 12, 2016 at 12:00:00 AM",AMD,360244.0,2.4200000762939453,"March 04, 2016 at 12:00:00 AM"
499,QCOM,16356,53.29999923706055,"March 07, 2016 at 12:00:00 AM",QCOM,16356.0,51.83000183105469,"May 11, 2016 at 12:00:00 AM"
500,AAPL,36655,23.127500534057617,"May 11, 2016 at 12:00:00 AM",AAPL,36655.0,23.637500762939453,"May 17, 2016 at 12:00:00 AM"
501,MSFT,17153,50.5099983215332,"May 17, 2016 at 12:00:00 AM",MSFT,17153.0,51.91999816894531,"May 25, 2016 at 12:00:00 AM"
502,MSFT,17088,52.119998931884766,"May 25, 2016 at 12:00:00 AM",MSFT,17088.0,52.439998626708984,"June 01, 2016 at 12:00:00 AM"
503,INTC,28303,31.65999984741211,"June 01, 2016 at 12:00:00 AM",INTC,28303.0,32.04999923706055,"June 13, 2016 at 12:00:00 AM"
504,MSFT,18092,50.13999938964844,"June 13, 2016 at 12:00:00 AM",MSFT,18092.0,50.40999984741211,"June 17, 2016 at 12:00:00 AM"
505,AAPL,38267,23.832500457763672,"June 17, 2016 at 12:00:00 AM",AAPL,38267.0,24.0,"June 20, 2016 at 12:00:00 AM"
506,TTWO,24616,37.310001373291016,"June 21, 2016 at 12:00:00 AM",TTWO,24616.0,37.63999938964844,"July 01, 2016 at 12:00:00 AM"
507,AMD,182751,5.070000171661377,"July 01, 2016 at 12:00:00 AM",AMD,182751.0,5.070000171661377,"July 07, 2016 at 12:00:00 AM"
508,AAPL,38630,23.985000610351562,"July 07, 2016 at 12:00:00 AM",AAPL,38630.0,24.122499465942383,"July 08, 2016 at 12:00:00 AM"
509,MSFT,17719,52.59000015258789,"July 11, 2016 at 12:00:00 AM",MSFT,17719.0,52.939998626708984,"July 12, 2016 at 12:00:00 AM"
510,JNJ,7631,122.91999816894531,"July 12, 2016 at 12:00:00 AM",JNJ,7631.0,123.7699966430664,"July 15, 2016 at 12:00:00 AM"
511,AAPL,38248,24.69499969482422,"July 15, 2016 at 12:00:00 AM",AAPL,38248.0,24.889999389648438,"July 19, 2016 at 12:00:00 AM"
512,AAPL,38129,24.967500686645508,"July 19, 2016 at 12:00:00 AM",AAPL,38129.0,26.0674991607666,"July 27, 2016 at 12:00:00 AM"
513,QCOM,15900,62.5099983215332,"July 27, 2016 at 12:00:00 AM",QCOM,15900.0,63.0,"August 23, 2016 at 12:00:00 AM"
514,TTWO,23709,42.25,"August 23, 2016 at 12:00:00 AM",TTWO,23709.0,44.25,"August 30, 2016 at 12:00:00 AM"
515,AAPL,39590,26.5,"August 30, 2016 at 12:00:00 AM",AAPL,39590.0,26.924999237060547,"September 02, 2016 at 12:00:00 AM"
516,MSFT,18484,57.66999816894531,"September 02, 2016 at 12:00:00 AM",MSFT,18484.0,60.279998779296875,"October 21, 2016 at 12:00:00 AM"
517,AAPL,38223,29.149999618530273,"October 21, 2016 at 12:00:00 AM",AAPL,38223.0,29.487499237060547,"October 25, 2016 at 12:00:00 AM"
518,AAPL,38126,29.5625,"October 25, 2016 at 12:00:00 AM",AAPL,38126.0,29.162500381469727,"December 30, 2016 at 12:00:00 AM"
519,AAPL,38400,28.954999923706055,"December 30, 2016 at 12:00:00 AM",AAPL,38400.0,29.19499969482422,"January 06, 2017 at 12:00:00 AM"
520,MSFT,17840,62.84000015258789,"January 06, 2017 at 12:00:00 AM",MSFT,17840.0,63.20000076293945,"January 24, 2017 at 12:00:00 AM"
521,AAPL,37593,29.99250030517578,"January 24, 2017 at 12:00:00 AM",AAPL,37593.0,30.417499542236328,"January 26, 2017 at 12:00:00 AM"
522,QCOM,21156,54.04999923706055,"January 26, 2017 at 12:00:00 AM",QCOM,21156.0,54.650001525878906,"January 27, 2017 at 12:00:00 AM"
523,MSFT,17576,65.77999877929688,"January 27, 2017 at 12:00:00 AM",MSFT,17576.0,65.38999938964844,"April 04, 2017 at 12:00:00 AM"
524,AAPL,31921,36.005001068115234,"April 05, 2017 at 12:00:00 AM",AAPL,31921.0,36.275001525878906,"May 01, 2017 at 12:00:00 AM"
525,QCOM,21603,53.599998474121094,"May 01, 2017 at 12:00:00 AM",QCOM,21603.0,54.72999954223633,"May 04, 2017 at 12:00:00 AM"
526,AAPL,32276,36.63249969482422,"May 04, 2017 at 12:00:00 AM",AAPL,32276.0,37.25749969482422,"May 08, 2017 at 12:00:00 AM"
527,MSFT,17443,68.94000244140625,"May 08, 2017 at 12:00:00 AM",MSFT,17443.0,69.80000305175781,"May 26, 2017 at 12:00:00 AM"
528,AAPL,31704,38.40250015258789,"May 26, 2017 at 12:00:00 AM",AAPL,31704.0,38.755001068115234,"June 07, 2017 at 12:00:00 AM"
529,AAPL,31633,38.842498779296875,"June 07, 2017 at 12:00:00 AM",AAPL,31633.0,39.81999969482422,"August 02, 2017 at 12:00:00 AM"
530,AAPL,32063,39.28499984741211,"August 02, 2017 at 12:00:00 AM",AAPL,32063.0,39.650001525878906,"August 08, 2017 at 12:00:00 AM"
531,QCOM,24313,52.290000915527344,"August 08, 2017 at 12:00:00 AM",QCOM,24313.0,53.040000915527344,"August 14, 2017 at 12:00:00 AM"
532,AAPL,32269,39.962501525878906,"August 14, 2017 at 12:00:00 AM",AAPL,32269.0,40.165000915527344,"August 15, 2017 at 12:00:00 AM"
533,INTC,36002,36.0,"August 15, 2017 at 12:00:00 AM",INTC,36002.0,36.0,"September 13, 2017 at 12:00:00 AM"
534,MSFT,17334,74.7699966430664,"September 14, 2017 at 12:00:00 AM",MSFT,17334.0,75.2300033569336,"September 18, 2017 at 12:00:00 AM"
535,AAPL,32875,39.66749954223633,"September 18, 2017 at 12:00:00 AM",AAPL,32875.0,39.877498626708984,"September 19, 2017 at 12:00:00 AM"
536,JNJ,9695,135.22000122070312,"September 19, 2017 at 12:00:00 AM",JNJ,9695.0,136.33999633789062,"October 12, 2017 at 12:00:00 AM"
537,AAPL,33893,39.0,"October 12, 2017 at 12:00:00 AM",AAPL,33893.0,39.474998474121094,"October 16, 2017 at 12:00:00 AM"
538,AAPL,33473,39.970001220703125,"October 16, 2017 at 12:00:00 AM",AAPL,33473.0,40.97249984741211,"October 30, 2017 at 12:00:00 AM"
539,QCOM,25091,54.65999984741211,"October 30, 2017 at 12:00:00 AM",QCOM,25091.0,64.54000091552734,"November 06, 2017 at 12:00:00 AM"
540,AMD,135741,11.930000305175781,"November 06, 2017 at 12:00:00 AM",AMD,135741.0,12.100000381469727,"January 04, 2018 at 12:00:00 AM"
541,MSFT,18855,87.11000061035156,"January 04, 2018 at 12:00:00 AM",MSFT,18855.0,87.66000366210938,"January 05, 2018 at 12:00:00 AM"
542,AAPL,37779,43.75,"January 05, 2018 at 12:00:00 AM",AAPL,37779.0,44.04499816894531,"January 12, 2018 at 12:00:00 AM"
543,QCOM,25451,65.37999725341797,"January 12, 2018 at 12:00:00 AM",QCOM,25451.0,66.2300033569336,"January 16, 2018 at 12:00:00 AM"
544,MSFT,19078,88.3499984741211,"January 16, 2018 at 12:00:00 AM",MSFT,19078.0,89.08000183105469,"January 17, 2018 at 12:00:00 AM"
545,QCOM,24986,68.0199966430664,"January 17, 2018 at 12:00:00 AM",QCOM,24986.0,68.5999984741211,"January 23, 2018 at 12:00:00 AM"
546,MSFT,18651,91.9000015258789,"January 23, 2018 at 12:00:00 AM",MSFT,18651.0,92.55000305175781,"January 24, 2018 at 12:00:00 AM"
547,PEP,14176,121.76000213623047,"January 26, 2018 at 12:00:00 AM",PEP,14176.0,107.77999877929688,"April 04, 2018 at 12:00:00 AM"
548,MSFT,16549,92.33000183105469,"April 04, 2018 at 12:00:00 AM",MSFT,16549.0,94.05000305175781,"April 13, 2018 at 12:00:00 AM"
549,MSFT,16721,93.08000183105469,"April 13, 2018 at 12:00:00 AM",MSFT,16721.0,94.06999969482422,"April 16, 2018 at 12:00:00 AM"
550,PEP,14310,109.91999816894531,"April 16, 2018 at 12:00:00 AM",PEP,14310.0,105.7300033569336,"June 20, 2018 at 12:00:00 AM"
551,QCOM,25736,58.790000915527344,"June 20, 2018 at 12:00:00 AM",QCOM,25736.0,59.209999084472656,"June 21, 2018 at 12:00:00 AM"
552,AMD,100850,15.109999656677246,"June 25, 2018 at 12:00:00 AM",AMD,100850.0,15.319999694824219,"June 26, 2018 at 12:00:00 AM"
553,TTWO,13329,115.91000366210938,"June 26, 2018 at 12:00:00 AM",TTWO,13329.0,118.81999969482422,"June 29, 2018 at 12:00:00 AM"
554,AAPL,34224,46.27750015258789,"June 29, 2018 at 12:00:00 AM",AAPL,34224.0,46.9474983215332,"July 03, 2018 at 12:00:00 AM"
555,AAPL,34944,45.97999954223633,"July 03, 2018 at 12:00:00 AM",AAPL,34944.0,46.314998626708984,"July 05, 2018 at 12:00:00 AM"
556,AAPL,34440,46.99250030517578,"July 06, 2018 at 12:00:00 AM",AAPL,34440.0,47.375,"July 09, 2018 at 12:00:00 AM"
557,T,50750,32.150001525878906,"July 09, 2018 at 12:00:00 AM",T,50750.0,32.47999954223633,"August 08, 2018 at 12:00:00 AM"
558,TTWO,13192,124.94999694824219,"August 08, 2018 at 12:00:00 AM",TTWO,13192.0,129.07000732421875,"August 13, 2018 at 12:00:00 AM"
559,AAPL,32608,52.217498779296875,"August 13, 2018 at 12:00:00 AM",AAPL,32608.0,52.540000915527344,"August 14, 2018 at 12:00:00 AM"
560,AMD,85576,20.020000457763672,"August 14, 2018 at 12:00:00 AM",AMD,85576.0,20.280000686645508,"August 22, 2018 at 12:00:00 AM"
561,QCOM,25964,66.83999633789062,"August 22, 2018 at 12:00:00 AM",QCOM,25964.0,67.37000274658203,"August 27, 2018 at 12:00:00 AM"
562,QCOM,25976,67.33999633789062,"August 27, 2018 at 12:00:00 AM",QCOM,25976.0,68.55999755859375,"August 28, 2018 at 12:00:00 AM"
563,AAPL,32424,54.92499923706055,"August 28, 2018 at 12:00:00 AM",AAPL,32424.0,55.8125,"August 30, 2018 at 12:00:00 AM"
564,AMD,72708,24.889999389648438,"August 30, 2018 at 12:00:00 AM",AMD,72708.0,24.889999389648438,"August 31, 2018 at 12:00:00 AM"
565,QCOM,25860,69.9800033569336,"September 04, 2018 at 12:00:00 AM",QCOM,25860.0,70.8499984741211,"September 06, 2018 at 12:00:00 AM"
566,PEP,16142,113.5,"September 06, 2018 at 12:00:00 AM",PEP,16142.0,114.48999786376953,"September 13, 2018 at 12:00:00 AM"
567,INTC,40557,45.56999969482422,"September 13, 2018 at 12:00:00 AM",INTC,40557.0,46.09000015258789,"September 19, 2018 at 12:00:00 AM"
568,AAPL,34240,54.592498779296875,"September 19, 2018 at 12:00:00 AM",AAPL,34240.0,55.060001373291016,"September 20, 2018 at 12:00:00 AM"
569,MCD,11725,160.7899932861328,"September 20, 2018 at 12:00:00 AM",MCD,11725.0,162.7100067138672,"September 21, 2018 at 12:00:00 AM"
570,MSFT,16697,114.26000213623047,"September 21, 2018 at 12:00:00 AM",MSFT,16697.0,115.30000305175781,"October 02, 2018 at 12:00:00 AM"
571,AMD,66339,29.020000457763672,"October 02, 2018 at 12:00:00 AM",AMD,66339.0,21.299999237060547,"December 07, 2018 at 12:00:00 AM"
572,AAPL,33545,42.122501373291016,"December 07, 2018 at 12:00:00 AM",AAPL,33545.0,42.915000915527344,"December 11, 2018 at 12:00:00 AM"
573,AAPL,34148,42.157501220703125,"December 11, 2018 at 12:00:00 AM",AAPL,34148.0,42.599998474121094,"December 12, 2018 at 12:00:00 AM"
574,PEP,12433,117.0,"December 12, 2018 at 12:00:00 AM",PEP,12433.0,115.75,"February 20, 2019 at 12:00:00 AM"
575,AAPL,33463,43.00749969482422,"February 20, 2019 at 12:00:00 AM",AAPL,33463.0,43.540000915527344,"February 25, 2019 at 12:00:00 AM"
576,AAPL,33450,43.557498931884766,"February 25, 2019 at 12:00:00 AM",AAPL,33450.0,43.92250061035156,"March 04, 2019 at 12:00:00 AM"
577,AAPL,33419,43.962501525878906,"March 04, 2019 at 12:00:00 AM",AAPL,33419.0,45.0,"March 12, 2019 at 12:00:00 AM"
578,PEP,12901,116.56999969482422,"March 12, 2019 at 12:00:00 AM",PEP,12901.0,117.36000061035156,"March 19, 2019 at 12:00:00 AM"
579,PEP,12821,118.08999633789062,"March 19, 2019 at 12:00:00 AM",PEP,12821.0,119.5,"March 22, 2019 at 12:00:00 AM"
580,AMD,58102,26.3700008392334,"March 22, 2019 at 12:00:00 AM",AMD,58102.0,26.690000534057617,"March 26, 2019 at 12:00:00 AM"
581,MSFT,13151,117.91000366210938,"March 26, 2019 at 12:00:00 AM",MSFT,13151.0,118.94999694824219,"April 01, 2019 at 12:00:00 AM"
582,AAPL,32721,47.810001373291016,"April 01, 2019 at 12:00:00 AM",AAPL,32721.0,48.3125,"April 03, 2019 at 12:00:00 AM"
583,AAPL,32370,48.837501525878906,"April 03, 2019 at 12:00:00 AM",AAPL,32370.0,49.11249923706055,"April 05, 2019 at 12:00:00 AM"
584,QCOM,27414,57.9900016784668,"April 05, 2019 at 12:00:00 AM",QCOM,27414.0,78.81999969482422,"April 17, 2019 at 12:00:00 AM"
585,AMD,78603,27.489999771118164,"April 17, 2019 at 12:00:00 AM",AMD,78603.0,28.18000030517578,"April 23, 2019 at 12:00:00 AM"
586,INTC,37683,58.779998779296875,"April 23, 2019 at 12:00:00 AM",INTC,37683.0,48.150001525878906,"June 27, 2019 at 12:00:00 AM"
587,AAPL,36336,49.935001373291016,"June 27, 2019 at 12:00:00 AM",AAPL,36336.0,50.79249954223633,"July 01, 2019 at 12:00:00 AM"
588,INTC,38410,48.04999923706055,"July 01, 2019 at 12:00:00 AM",INTC,38410.0,48.560001373291016,"July 11, 2019 at 12:00:00 AM"
589,PEP,13883,134.35000610351562,"July 11, 2019 at 12:00:00 AM",PEP,13883.0,135.61000061035156,"August 29, 2019 at 12:00:00 AM"
590,AAPL,36031,52.252498626708984,"August 29, 2019 at 12:00:00 AM",AAPL,36031.0,52.540000915527344,"August 30, 2019 at 12:00:00 AM"
591,JNJ,14704,128.74000549316406,"September 03, 2019 at 12:00:00 AM",JNJ,14704.0,129.49000549316406,"September 04, 2019 at 12:00:00 AM"
592,AMD,61521,30.950000762939453,"September 04, 2019 at 12:00:00 AM",AMD,61521.0,31.790000915527344,"September 05, 2019 at 12:00:00 AM"
593,AAPL,36679,53.31999969482422,"September 05, 2019 at 12:00:00 AM",AAPL,36679.0,53.709999084472656,"September 09, 2019 at 12:00:00 AM"
594,PEP,14443,136.39999389648438,"September 09, 2019 at 12:00:00 AM",PEP,14443.0,138.44000244140625,"October 03, 2019 at 12:00:00 AM"
595,AAPL,35232,56.752498626708984,"October 04, 2019 at 12:00:00 AM",AAPL,35232.0,58.23749923706055,"October 11, 2019 at 12:00:00 AM"
596,AAPL,34746,59.0525016784668,"October 11, 2019 at 12:00:00 AM",AAPL,34746.0,59.380001068115234,"October 21, 2019 at 12:00:00 AM"
597,T,53969,38.22999954223633,"October 21, 2019 at 12:00:00 AM",T,53969.0,38.4900016784668,"October 29, 2019 at 12:00:00 AM"
598,PEP,15265,136.0800018310547,"October 29, 2019 at 12:00:00 AM",PEP,15265.0,136.8000030517578,"October 31, 2019 at 12:00:00 AM"
599,MSFT,14565,143.3699951171875,"October 31, 2019 at 12:00:00 AM",MSFT,14565.0,144.25999450683594,"November 01, 2019 at 12:00:00 AM"
600,AAPL,32854,63.95500183105469,"November 01, 2019 at 12:00:00 AM",AAPL,32854.0,64.3324966430664,"November 04, 2019 at 12:00:00 AM"
601,QCOM,24839,85.08999633789062,"November 04, 2019 at 12:00:00 AM",QCOM,24839.0,89.83000183105469,"November 07, 2019 at 12:00:00 AM"
602,JNJ,16977,131.42999267578125,"November 07, 2019 at 12:00:00 AM",JNJ,16977.0,132.27000427246094,"November 11, 2019 at 12:00:00 AM"
603,AMD,61846,36.310001373291016,"November 11, 2019 at 12:00:00 AM",AMD,61846.0,36.650001525878906,"November 13, 2019 at 12:00:00 AM"
604,TXN,19140,118.41999816894531,"November 13, 2019 at 12:00:00 AM",TXN,19140.0,119.04000091552734,"November 26, 2019 at 12:00:00 AM"
605,AAPL,34485,66.07250213623047,"November 26, 2019 at 12:00:00 AM",AAPL,34485.0,66.6500015258789,"November 29, 2019 at 12:00:00 AM"
606,AAPL,34401,66.8125,"November 29, 2019 at 12:00:00 AM",AAPL,34401.0,67.5,"December 09, 2019 at 12:00:00 AM"
607,MSFT,15341,151.36000061035156,"December 09, 2019 at 12:00:00 AM",MSFT,15341.0,153.0,"December 13, 2019 at 12:00:00 AM"
608,CSCO,51815,45.29999923706055,"December 13, 2019 at 12:00:00 AM",CSCO,51815.0,45.79999923706055,"December 16, 2019 at 12:00:00 AM"
609,TMUS,31445,75.47000122070312,"December 16, 2019 at 12:00:00 AM",TMUS,31445.0,76.04000091552734,"December 19, 2019 at 12:00:00 AM"
610,MSFT,15355,155.7100067138672,"December 19, 2019 at 12:00:00 AM",MSFT,15355.0,157.35000610351562,"December 20, 2019 at 12:00:00 AM"
611,AAPL,34587,69.86000061035156,"December 20, 2019 at 12:00:00 AM",AAPL,34587.0,71.17250061035156,"December 24, 2019 at 12:00:00 AM"
612,AAPL,34638,71.06749725341797,"December 24, 2019 at 12:00:00 AM",AAPL,34638.0,72.77999877929688,"December 27, 2019 at 12:00:00 AM"
613,AAPL,34796,72.44999694824219,"December 27, 2019 at 12:00:00 AM",AAPL,34796.0,74.05999755859375,"January 02, 2020 at 12:00:00 AM"
614,MSFT,16044,160.6199951171875,"January 02, 2020 at 12:00:00 AM",MSFT,16044.0,161.83999633789062,"January 09, 2020 at 12:00:00 AM"
615,AAPL,33544,77.40750122070312,"January 09, 2020 at 12:00:00 AM",AAPL,33544.0,77.91000366210938,"January 13, 2020 at 12:00:00 AM"
616,AAPL,33432,78.16999816894531,"January 14, 2020 at 12:00:00 AM",AAPL,33432.0,79.06749725341797,"January 17, 2020 at 12:00:00 AM"
617,AAPL,33174,79.68250274658203,"January 17, 2020 at 12:00:00 AM",AAPL,33174.0,81.11250305175781,"January 29, 2020 at 12:00:00 AM"
618,AAPL,33185,81.08499908447266,"January 29, 2020 at 12:00:00 AM",AAPL,33185.0,60.70000076293945,"April 03, 2020 at 12:00:00 AM"
619,AAPL,33377,60.352500915527344,"April 03, 2020 at 12:00:00 AM",AAPL,33377.0,62.724998474121094,"April 06, 2020 at 12:00:00 AM"
620,AAPL,32279,64.85749816894531,"April 07, 2020 at 12:00:00 AM",AAPL,32279.0,65.68499755859375,"April 08, 2020 at 12:00:00 AM"
621,AAPL,31647,66.99749755859375,"April 09, 2020 at 12:00:00 AM",AAPL,31647.0,70.0,"April 14, 2020 at 12:00:00 AM"
622,AAPL,30870,71.76249694824219,"April 14, 2020 at 12:00:00 AM",AAPL,30870.0,72.48999786376953,"April 30, 2020 at 12:00:00 AM"
623,AAPL,30466,73.44999694824219,"April 30, 2020 at 12:00:00 AM",AAPL,30466.0,75.11499786376953,"May 06, 2020 at 12:00:00 AM"
624,JNJ,15454,148.0800018310547,"May 06, 2020 at 12:00:00 AM",JNJ,15454.0,149.3699951171875,"May 07, 2020 at 12:00:00 AM"
625,INTC,39013,59.16999816894531,"May 07, 2020 at 12:00:00 AM",INTC,39013.0,59.66999816894531,"May 08, 2020 at 12:00:00 AM"
626,TMUS,23629,98.5199966430664,"May 08, 2020 at 12:00:00 AM",TMUS,23629.0,99.13999938964844,"May 20, 2020 at 12:00:00 AM"
627,AMD,41542,56.38999938964844,"May 20, 2020 at 12:00:00 AM",AMD,41542.0,56.68000030517578,"May 21, 2020 at 12:00:00 AM"
628,AAPL,29725,79.2125015258789,"May 21, 2020 at 12:00:00 AM",AAPL,29725.0,80.875,"May 26, 2020 at 12:00:00 AM"
629,AAPL,30360,79.18250274658203,"May 26, 2020 at 12:00:00 AM",AAPL,30360.0,79.8125,"May 29, 2020 at 12:00:00 AM"
630,QCOM,30392,79.7300033569336,"June 01, 2020 at 12:00:00 AM",QCOM,30392.0,84.94999694824219,"June 03, 2020 at 12:00:00 AM"
631,QCOM,30695,84.11000061035156,"June 03, 2020 at 12:00:00 AM",QCOM,30695.0,88.0,"June 05, 2020 at 12:00:00 AM"
632,QCOM,30505,88.55000305175781,"June 05, 2020 at 12:00:00 AM",QCOM,30505.0,89.0,"June 08, 2020 at 12:00:00 AM"
633,AAPL,32567,83.36499786376953,"June 08, 2020 at 12:00:00 AM",AAPL,32567.0,86.9749984741211,"June 10, 2020 at 12:00:00 AM"
634,AMD,49312,57.439998626708984,"June 10, 2020 at 12:00:00 AM",AMD,49312.0,57.810001373291016,"July 21, 2020 at 12:00:00 AM"
635,AAPL,29389,97.0,"July 21, 2020 at 12:00:00 AM",AAPL,29389.0,102.88500213623047,"July 31, 2020 at 12:00:00 AM"
636,INTC,63350,47.72999954223633,"July 31, 2020 at 12:00:00 AM",INTC,63350.0,48.27000045776367,"August 03, 2020 at 12:00:00 AM"
637,QCOM,27561,110.94999694824219,"August 04, 2020 at 12:00:00 AM",QCOM,27561.0,116.19999694824219,"August 13, 2020 at 12:00:00 AM"
638,AAPL,27846,115.01000213623047,"August 13, 2020 at 12:00:00 AM",AAPL,27846.0,116.0625,"August 17, 2020 at 12:00:00 AM"
639,MSFT,15369,210.27999877929688,"August 17, 2020 at 12:00:00 AM",MSFT,15369.0,211.49000549316406,"August 19, 2020 at 12:00:00 AM"
640,AAPL,28092,115.7074966430664,"August 19, 2020 at 12:00:00 AM",AAPL,28092.0,119.26249694824219,"August 21, 2020 at 12:00:00 AM"
641,AAPL,26938,124.37000274658203,"August 21, 2020 at 12:00:00 AM",AAPL,26938.0,128.69749450683594,"August 24, 2020 at 12:00:00 AM"
642,INTC,70552,49.13999938964844,"August 24, 2020 at 12:00:00 AM",INTC,70552.0,49.38999938964844,"August 26, 2020 at 12:00:00 AM"
643,AAPL,27541,126.52249908447266,"August 26, 2020 at 12:00:00 AM",AAPL,27541.0,127.58000183105469,"August 31, 2020 at 12:00:00 AM"
644,QCOM,29502,119.0999984741211,"August 31, 2020 at 12:00:00 AM",QCOM,29502.0,121.08000183105469,"September 01, 2020 at 12:00:00 AM"
645,AAPL,26622,134.17999267578125,"September 01, 2020 at 12:00:00 AM",AAPL,26622.0,137.58999633789062,"September 02, 2020 at 12:00:00 AM"
646,MSFT,15812,231.64999389648438,"September 02, 2020 at 12:00:00 AM",MSFT,15812.0,222.25999450683594,"November 06, 2020 at 12:00:00 AM"
647,T,128077,27.440000534057617,"November 06, 2020 at 12:00:00 AM",T,128077.0,28.239999771118164,"November 09, 2020 at 12:00:00 AM"
648,AMD,43514,83.12000274658203,"November 09, 2020 at 12:00:00 AM",AMD,43514.0,83.93000030517578,"November 17, 2020 at 12:00:00 AM"
649,AAPL,30590,119.38999938964844,"November 17, 2020 at 12:00:00 AM",AAPL,30590.0,121.01000213623047,"December 01, 2020 at 12:00:00 AM"
650,QCOM,24472,151.25999450683594,"December 01, 2020 at 12:00:00 AM",QCOM,24472.0,158.5500030517578,"December 07, 2020 at 12:00:00 AM"
651,MSFT,18106,214.2899932861328,"December 07, 2020 at 12:00:00 AM",MSFT,18106.0,219.8699951171875,"December 17, 2020 at 12:00:00 AM"
652,MSFT,18143,219.4199981689453,"December 17, 2020 at 12:00:00 AM",MSFT,18143.0,222.69000244140625,"December 22, 2020 at 12:00:00 AM"
653,AAPL,30637,131.8800048828125,"December 22, 2020 at 12:00:00 AM",AAPL,30637.0,133.99000549316406,"December 28, 2020 at 12:00:00 AM"
654,AAPL,30032,136.69000244140625,"December 28, 2020 at 12:00:00 AM",AAPL,30032.0,138.0500030517578,"December 29, 2020 at 12:00:00 AM"
655,MCD,19491,212.7100067138672,"December 29, 2020 at 12:00:00 AM",MCD,19491.0,214.49000549316406,"January 04, 2021 at 12:00:00 AM"
656,MSFT,19204,217.69000244140625,"January 04, 2021 at 12:00:00 AM",MSFT,19204.0,224.6999969482422,"January 21, 2021 at 12:00:00 AM"
657,PEP,30909,139.61000061035156,"January 21, 2021 at 12:00:00 AM",PEP,30909.0,141.30999755859375,"January 26, 2021 at 12:00:00 AM"
658,MSFT,18800,232.3300018310547,"January 26, 2021 at 12:00:00 AM",MSFT,18800.0,238.0,"January 27, 2021 at 12:00:00 AM"
659,ABNB,22233,201.25,"January 27, 2021 at 12:00:00 AM",ABNB,22233.0,202.60000610351562,"January 28, 2021 at 12:00:00 AM"
660,MSFT,19419,231.9600067138672,"January 29, 2021 at 12:00:00 AM",MSFT,19419.0,235.05999755859375,"February 01, 2021 at 12:00:00 AM"
661,MCD,21952,207.92999267578125,"February 01, 2021 at 12:00:00 AM",MCD,21952.0,210.0,"February 04, 2021 at 12:00:00 AM"
662,MSFT,19049,242.00999450683594,"February 04, 2021 at 12:00:00 AM",MSFT,19049.0,245.0,"February 10, 2021 at 12:00:00 AM"
663,MSFT,19220,242.82000732421875,"February 10, 2021 at 12:00:00 AM",MSFT,19220.0,244.77999877929688,"February 11, 2021 at 12:00:00 AM"
664,AMD,50773,92.66000366210938,"February 11, 2021 at 12:00:00 AM",AMD,50773.0,93.9000015258789,"February 16, 2021 at 12:00:00 AM"
665,AAPL,35795,133.19000244140625,"February 16, 2021 at 12:00:00 AM",,,,
